state,n_years_total,waste_metric,environmental_metric,n_years_used,pearson_corr,abs_pearson_corr
ACT,15,ewaste_proxy_tonnes,total_air_emission_kg,15,-0.2097769365316704,0.2097769365316704
ACT,15,ewaste_proxy_tonnes,total_water_emission_kg,15,0.3752038737170134,0.3752038737170134
ACT,15,ewaste_proxy_tonnes,total_land_emission_kg,15,0.6883823618848235,0.6883823618848235
ACT,15,ewaste_proxy_tonnes,lead_air_kg,15,-0.29715849802152705,0.29715849802152705
ACT,15,ewaste_proxy_tonnes,lead_water_kg,15,0.14479322675895365,0.14479322675895365
ACT,15,ewaste_proxy_tonnes,lead_land_kg,15,-0.026771604341482888,0.026771604341482888
ACT,15,ewaste_proxy_tonnes,mercury_air_kg,15,-0.5384535295680216,0.5384535295680216
ACT,15,ewaste_proxy_tonnes,mercury_water_kg,15,0.30823608935558716,0.30823608935558716
ACT,15,ewaste_proxy_tonnes,mercury_land_kg,15,0.3625845820242124,0.3625845820242124
ACT,15,ewaste_proxy_tonnes,cadmium_air_kg,15,-0.38486809891219886,0.38486809891219886
ACT,15,ewaste_proxy_tonnes,cadmium_water_kg,15,-0.10587913014972836,0.10587913014972836
ACT,15,ewaste_proxy_tonnes,cadmium_land_kg,15,0.4559698173256889,0.4559698173256889
ACT,15,ewaste_proxy_tonnes,nickel_air_kg,15,0.0590878199093529,0.0590878199093529
ACT,15,ewaste_proxy_tonnes,nickel_water_kg,15,-0.1484824755469414,0.1484824755469414
ACT,15,ewaste_proxy_tonnes,nickel_land_kg,15,0.44388933775268336,0.44388933775268336
ACT,15,ewaste_proxy_tonnes,chromium_air_kg,15,0.07305183145068503,0.07305183145068503
ACT,15,ewaste_proxy_tonnes,chromium_water_kg,15,-0.11424038563039152,0.11424038563039152
ACT,15,ewaste_proxy_tonnes,chromium_land_kg,15,0.4384531986710717,0.4384531986710717
ACT,15,ewaste_proxy_tonnes,copper_air_kg,15,-0.12472167170566703,0.12472167170566703
ACT,15,ewaste_proxy_tonnes,copper_water_kg,15,-0.10937817542445068,0.10937817542445068
ACT,15,ewaste_proxy_tonnes,copper_land_kg,15,0.36555679722498524,0.36555679722498524
ACT,15,ewaste_proxy_tonnes,zinc_air_kg,15,0.09672007283445033,0.09672007283445033
ACT,15,ewaste_proxy_tonnes,zinc_water_kg,15,-0.20577988691828755,0.20577988691828755
ACT,15,ewaste_proxy_tonnes,zinc_land_kg,15,0.4580609842411747,0.4580609842411747
ACT,15,ewaste_proxy_tonnes,tvoc_air_kg,15,-0.13653505717126763,0.13653505717126763
ACT,15,ewaste_proxy_tonnes,tvoc_water_kg,15,,
ACT,15,ewaste_proxy_tonnes,tvoc_land_kg,15,,
ACT,15,ewaste_proxy_tonnes,pm10_air_kg,15,0.05803235389962535,0.05803235389962535
ACT,15,ewaste_proxy_tonnes,pm10_water_kg,15,,
ACT,15,ewaste_proxy_tonnes,pm10_land_kg,15,,
ACT,15,ewaste_proxy_tonnes,pm25_air_kg,15,0.1067343669256807,0.1067343669256807
ACT,15,ewaste_proxy_tonnes,pm25_water_kg,15,,
ACT,15,ewaste_proxy_tonnes,pm25_land_kg,15,,
ACT,15,hazardous_recycling_tonnes,total_air_emission_kg,15,-0.06517016261139094,0.06517016261139094
ACT,15,hazardous_recycling_tonnes,total_water_emission_kg,15,0.41654201910848504,0.41654201910848504
ACT,15,hazardous_recycling_tonnes,total_land_emission_kg,15,0.4747928596452023,0.4747928596452023
ACT,15,hazardous_recycling_tonnes,lead_air_kg,15,-0.3352611213729121,0.3352611213729121
ACT,15,hazardous_recycling_tonnes,lead_water_kg,15,0.6572872952553829,0.6572872952553829
ACT,15,hazardous_recycling_tonnes,lead_land_kg,15,0.24852193497753144,0.24852193497753144
ACT,15,hazardous_recycling_tonnes,mercury_air_kg,15,-0.024374108024126515,0.024374108024126515
ACT,15,hazardous_recycling_tonnes,mercury_water_kg,15,0.07513650876335573,0.07513650876335573
ACT,15,hazardous_recycling_tonnes,mercury_land_kg,15,0.7069566631622959,0.7069566631622959
ACT,15,hazardous_recycling_tonnes,cadmium_air_kg,15,-0.4003214179331962,0.4003214179331962
ACT,15,hazardous_recycling_tonnes,cadmium_water_kg,15,0.08967600950928195,0.08967600950928195
ACT,15,hazardous_recycling_tonnes,cadmium_land_kg,15,0.7816087346779748,0.7816087346779748
ACT,15,hazardous_recycling_tonnes,nickel_air_kg,15,0.15085821443883415,0.15085821443883415
ACT,15,hazardous_recycling_tonnes,nickel_water_kg,15,0.10930568357422332,0.10930568357422332
ACT,15,hazardous_recycling_tonnes,nickel_land_kg,15,0.7735396498675313,0.7735396498675313
ACT,15,hazardous_recycling_tonnes,chromium_air_kg,15,0.16993109812161952,0.16993109812161952
ACT,15,hazardous_recycling_tonnes,chromium_water_kg,15,0.07429185789439545,0.07429185789439545
ACT,15,hazardous_recycling_tonnes,chromium_land_kg,15,0.7697151299056109,0.7697151299056109
ACT,15,hazardous_recycling_tonnes,copper_air_kg,15,0.11651579669088347,0.11651579669088347
ACT,15,hazardous_recycling_tonnes,copper_water_kg,15,0.14903372751651972,0.14903372751651972
ACT,15,hazardous_recycling_tonnes,copper_land_kg,15,0.7096821195709123,0.7096821195709123
ACT,15,hazardous_recycling_tonnes,zinc_air_kg,15,0.23820674345376927,0.23820674345376927
ACT,15,hazardous_recycling_tonnes,zinc_water_kg,15,0.17252491712776355,0.17252491712776355
ACT,15,hazardous_recycling_tonnes,zinc_land_kg,15,0.7829404058757372,0.7829404058757372
ACT,15,hazardous_recycling_tonnes,tvoc_air_kg,15,-0.32123489161658986,0.32123489161658986
ACT,15,hazardous_recycling_tonnes,tvoc_water_kg,15,,
ACT,15,hazardous_recycling_tonnes,tvoc_land_kg,15,,
ACT,15,hazardous_recycling_tonnes,pm10_air_kg,15,0.32680319895738513,0.32680319895738513
ACT,15,hazardous_recycling_tonnes,pm10_water_kg,15,,
ACT,15,hazardous_recycling_tonnes,pm10_land_kg,15,,
ACT,15,hazardous_recycling_tonnes,pm25_air_kg,15,0.12720450871743347,0.12720450871743347
ACT,15,hazardous_recycling_tonnes,pm25_water_kg,15,,
ACT,15,hazardous_recycling_tonnes,pm25_land_kg,15,,
ACT,15,hazardous_disposal_tonnes,total_air_emission_kg,15,-0.21199954451998887,0.21199954451998887
ACT,15,hazardous_disposal_tonnes,total_water_emission_kg,15,0.3561680842426074,0.3561680842426074
ACT,15,hazardous_disposal_tonnes,total_land_emission_kg,15,0.6741292532321995,0.6741292532321995
ACT,15,hazardous_disposal_tonnes,lead_air_kg,15,-0.28362031378559593,0.28362031378559593
ACT,15,hazardous_disposal_tonnes,lead_water_kg,15,0.1130452581545459,0.1130452581545459
ACT,15,hazardous_disposal_tonnes,lead_land_kg,15,-0.041291301262954765,0.041291301262954765
ACT,15,hazardous_disposal_tonnes,mercury_air_kg,15,-0.5405972850427078,0.5405972850427078
ACT,15,hazardous_disposal_tonnes,mercury_water_kg,15,0.2988270914044528,0.2988270914044528
ACT,15,hazardous_disposal_tonnes,mercury_land_kg,15,0.33390818627152025,0.33390818627152025
ACT,15,hazardous_disposal_tonnes,cadmium_air_kg,15,-0.36928481968009247,0.36928481968009247
ACT,15,hazardous_disposal_tonnes,cadmium_water_kg,15,-0.11195392159293097,0.11195392159293097
ACT,15,hazardous_disposal_tonnes,cadmium_land_kg,15,0.4258510258816155,0.4258510258816155
ACT,15,hazardous_disposal_tonnes,nickel_air_kg,15,0.04390545334765152,0.04390545334765152
ACT,15,hazardous_disposal_tonnes,nickel_water_kg,15,-0.15874667348869131,0.15874667348869131
ACT,15,hazardous_disposal_tonnes,nickel_land_kg,15,0.4138692815082123,0.4138692815082123
ACT,15,hazardous_disposal_tonnes,chromium_air_kg,15,0.05732045691658712,0.05732045691658712
ACT,15,hazardous_disposal_tonnes,chromium_water_kg,15,-0.12139191164323283,0.12139191164323283
ACT,15,hazardous_disposal_tonnes,chromium_land_kg,15,0.40848827725512066,0.40848827725512066
ACT,15,hazardous_disposal_tonnes,copper_air_kg,15,-0.1382134559725861,0.1382134559725861
ACT,15,hazardous_disposal_tonnes,copper_water_kg,15,-0.1205837477506791,0.1205837477506791
ACT,15,hazardous_disposal_tonnes,copper_land_kg,15,0.33681517009350176,0.33681517009350176
ACT,15,hazardous_disposal_tonnes,zinc_air_kg,15,0.0790543759397671,0.0790543759397671
ACT,15,hazardous_disposal_tonnes,zinc_water_kg,15,-0.21296787308414988,0.21296787308414988
ACT,15,hazardous_disposal_tonnes,zinc_land_kg,15,0.42792870301858377,0.42792870301858377
ACT,15,hazardous_disposal_tonnes,tvoc_air_kg,15,-0.1286267793657726,0.1286267793657726
ACT,15,hazardous_disposal_tonnes,tvoc_water_kg,15,,
ACT,15,hazardous_disposal_tonnes,tvoc_land_kg,15,,
ACT,15,hazardous_disposal_tonnes,pm10_air_kg,15,0.041504227374219105,0.041504227374219105
ACT,15,hazardous_disposal_tonnes,pm10_water_kg,15,,
ACT,15,hazardous_disposal_tonnes,pm10_land_kg,15,,
ACT,15,hazardous_disposal_tonnes,pm25_air_kg,15,0.10380077323917497,0.10380077323917497
ACT,15,hazardous_disposal_tonnes,pm25_water_kg,15,,
ACT,15,hazardous_disposal_tonnes,pm25_land_kg,15,,
NSW,15,ewaste_proxy_tonnes,total_air_emission_kg,15,-0.6516030649384386,0.6516030649384386
NSW,15,ewaste_proxy_tonnes,total_water_emission_kg,15,0.4953731882148206,0.4953731882148206
NSW,15,ewaste_proxy_tonnes,total_land_emission_kg,15,0.4229132301152678,0.4229132301152678
NSW,15,ewaste_proxy_tonnes,lead_air_kg,15,0.7010312599505741,0.7010312599505741
NSW,15,ewaste_proxy_tonnes,lead_water_kg,15,-0.2434655319851716,0.2434655319851716
NSW,15,ewaste_proxy_tonnes,lead_land_kg,15,0.7414795596862963,0.7414795596862963
NSW,15,ewaste_proxy_tonnes,mercury_air_kg,15,-0.5565997522769467,0.5565997522769467
NSW,15,ewaste_proxy_tonnes,mercury_water_kg,15,-0.5068906252461189,0.5068906252461189
NSW,15,ewaste_proxy_tonnes,mercury_land_kg,15,0.17542254519219602,0.17542254519219602
NSW,15,ewaste_proxy_tonnes,cadmium_air_kg,15,0.29891537625493114,0.29891537625493114
NSW,15,ewaste_proxy_tonnes,cadmium_water_kg,15,-0.3918209713297725,0.3918209713297725
NSW,15,ewaste_proxy_tonnes,cadmium_land_kg,15,0.28805175006113165,0.28805175006113165
NSW,15,ewaste_proxy_tonnes,nickel_air_kg,15,0.12918264335324872,0.12918264335324872
NSW,15,ewaste_proxy_tonnes,nickel_water_kg,15,-0.3913958681664063,0.3913958681664063
NSW,15,ewaste_proxy_tonnes,nickel_land_kg,15,0.24167269672091812,0.24167269672091812
NSW,15,ewaste_proxy_tonnes,chromium_air_kg,15,0.4437819248726891,0.4437819248726891
NSW,15,ewaste_proxy_tonnes,chromium_water_kg,15,-0.38713296361542765,0.38713296361542765
NSW,15,ewaste_proxy_tonnes,chromium_land_kg,15,0.23360081640852204,0.23360081640852204
NSW,15,ewaste_proxy_tonnes,copper_air_kg,15,0.5344131448308774,0.5344131448308774
NSW,15,ewaste_proxy_tonnes,copper_water_kg,15,0.6383595286284489,0.6383595286284489
NSW,15,ewaste_proxy_tonnes,copper_land_kg,15,-0.1007311130763049,0.1007311130763049
NSW,15,ewaste_proxy_tonnes,zinc_air_kg,15,0.5935426004272814,0.5935426004272814
NSW,15,ewaste_proxy_tonnes,zinc_water_kg,15,-0.5209265302356656,0.5209265302356656
NSW,15,ewaste_proxy_tonnes,zinc_land_kg,15,0.7154026605156425,0.7154026605156425
NSW,15,ewaste_proxy_tonnes,tvoc_air_kg,15,-0.8001463657654175,0.8001463657654175
NSW,15,ewaste_proxy_tonnes,tvoc_water_kg,15,-0.27408574957831244,0.27408574957831244
NSW,15,ewaste_proxy_tonnes,tvoc_land_kg,15,-0.2740857495783125,0.2740857495783125
NSW,15,ewaste_proxy_tonnes,pm10_air_kg,15,0.4808282381890956,0.4808282381890956
NSW,15,ewaste_proxy_tonnes,pm10_water_kg,15,,
NSW,15,ewaste_proxy_tonnes,pm10_land_kg,15,,
NSW,15,ewaste_proxy_tonnes,pm25_air_kg,15,-0.17482772250338233,0.17482772250338233
NSW,15,ewaste_proxy_tonnes,pm25_water_kg,15,,
NSW,15,ewaste_proxy_tonnes,pm25_land_kg,15,,
NSW,15,hazardous_recycling_tonnes,total_air_emission_kg,15,-0.16557498825829217,0.16557498825829217
NSW,15,hazardous_recycling_tonnes,total_water_emission_kg,15,0.11650531703233577,0.11650531703233577
NSW,15,hazardous_recycling_tonnes,total_land_emission_kg,15,-0.20191162384181485,0.20191162384181485
NSW,15,hazardous_recycling_tonnes,lead_air_kg,15,0.05325943938561272,0.05325943938561272
NSW,15,hazardous_recycling_tonnes,lead_water_kg,15,0.08759979398622167,0.08759979398622167
NSW,15,hazardous_recycling_tonnes,lead_land_kg,15,-0.20801190579418002,0.20801190579418002
NSW,15,hazardous_recycling_tonnes,mercury_air_kg,15,-0.3776553289797766,0.3776553289797766
NSW,15,hazardous_recycling_tonnes,mercury_water_kg,15,-0.26613311430633185,0.26613311430633185
NSW,15,hazardous_recycling_tonnes,mercury_land_kg,15,-0.42811808925574935,0.42811808925574935
NSW,15,hazardous_recycling_tonnes,cadmium_air_kg,15,0.35104419122360636,0.35104419122360636
NSW,15,hazardous_recycling_tonnes,cadmium_water_kg,15,-0.040218304044510426,0.040218304044510426
NSW,15,hazardous_recycling_tonnes,cadmium_land_kg,15,0.09752942212952634,0.09752942212952634
NSW,15,hazardous_recycling_tonnes,nickel_air_kg,15,0.2052098221147972,0.2052098221147972
NSW,15,hazardous_recycling_tonnes,nickel_water_kg,15,0.2800134029206726,0.2800134029206726
NSW,15,hazardous_recycling_tonnes,nickel_land_kg,15,0.03151272862637636,0.03151272862637636
NSW,15,hazardous_recycling_tonnes,chromium_air_kg,15,0.07711403720444827,0.07711403720444827
NSW,15,hazardous_recycling_tonnes,chromium_water_kg,15,0.13914340140894907,0.13914340140894907
NSW,15,hazardous_recycling_tonnes,chromium_land_kg,15,0.17589484915397613,0.17589484915397613
NSW,15,hazardous_recycling_tonnes,copper_air_kg,15,0.3627768653852649,0.3627768653852649
NSW,15,hazardous_recycling_tonnes,copper_water_kg,15,-0.32218927297509675,0.32218927297509675
NSW,15,hazardous_recycling_tonnes,copper_land_kg,15,-0.44985954697187275,0.44985954697187275
NSW,15,hazardous_recycling_tonnes,zinc_air_kg,15,0.0030421850613223463,0.0030421850613223463
NSW,15,hazardous_recycling_tonnes,zinc_water_kg,15,0.205282113983128,0.205282113983128
NSW,15,hazardous_recycling_tonnes,zinc_land_kg,15,-0.20931385652855025,0.20931385652855025
NSW,15,hazardous_recycling_tonnes,tvoc_air_kg,15,-0.08415786945150687,0.08415786945150687
NSW,15,hazardous_recycling_tonnes,tvoc_water_kg,15,-0.15552447174916603,0.15552447174916603
NSW,15,hazardous_recycling_tonnes,tvoc_land_kg,15,-0.15552447174916603,0.15552447174916603
NSW,15,hazardous_recycling_tonnes,pm10_air_kg,15,0.06536046405804924,0.06536046405804924
NSW,15,hazardous_recycling_tonnes,pm10_water_kg,15,,
NSW,15,hazardous_recycling_tonnes,pm10_land_kg,15,,
NSW,15,hazardous_recycling_tonnes,pm25_air_kg,15,0.2284139581309249,0.2284139581309249
NSW,15,hazardous_recycling_tonnes,pm25_water_kg,15,,
NSW,15,hazardous_recycling_tonnes,pm25_land_kg,15,,
NSW,15,hazardous_disposal_tonnes,total_air_emission_kg,15,-0.6526914098317136,0.6526914098317136
NSW,15,hazardous_disposal_tonnes,total_water_emission_kg,15,0.4941509530698097,0.4941509530698097
NSW,15,hazardous_disposal_tonnes,total_land_emission_kg,15,0.4641315425623659,0.4641315425623659
NSW,15,hazardous_disposal_tonnes,lead_air_kg,15,0.7168836582519983,0.7168836582519983
NSW,15,hazardous_disposal_tonnes,lead_water_kg,15,-0.2589336922560203,0.2589336922560203
NSW,15,hazardous_disposal_tonnes,lead_land_kg,15,0.7847563376530872,0.7847563376530872
NSW,15,hazardous_disposal_tonnes,mercury_air_kg,15,-0.531382013331924,0.531382013331924
NSW,15,hazardous_disposal_tonnes,mercury_water_kg,15,-0.4928323412885269,0.4928323412885269
NSW,15,hazardous_disposal_tonnes,mercury_land_kg,15,0.2274800632464016,0.2274800632464016
NSW,15,hazardous_disposal_tonnes,cadmium_air_kg,15,0.2700668164042706,0.2700668164042706
NSW,15,hazardous_disposal_tonnes,cadmium_water_kg,15,-0.3986764188607139,0.3986764188607139
NSW,15,hazardous_disposal_tonnes,cadmium_land_kg,15,0.286218218547963,0.286218218547963
NSW,15,hazardous_disposal_tonnes,nickel_air_kg,15,0.1128359080260293,0.1128359080260293
NSW,15,hazardous_disposal_tonnes,nickel_water_kg,15,-0.4391133626223542,0.4391133626223542
NSW,15,hazardous_disposal_tonnes,nickel_land_kg,15,0.24650890132224187,0.24650890132224187
NSW,15,hazardous_disposal_tonnes,chromium_air_kg,15,0.45192053047671593,0.45192053047671593
NSW,15,hazardous_disposal_tonnes,chromium_water_kg,15,-0.4121365638717932,0.4121365638717932
NSW,15,hazardous_disposal_tonnes,chromium_land_kg,15,0.21144377656188204,0.21144377656188204
NSW,15,hazardous_disposal_tonnes,copper_air_kg,15,0.5052689891143639,0.5052689891143639
NSW,15,hazardous_disposal_tonnes,copper_water_kg,15,0.6925920524195331,0.6925920524195331
NSW,15,hazardous_disposal_tonnes,copper_land_kg,15,-0.052251905728986574,0.052251905728986574
NSW,15,hazardous_disposal_tonnes,zinc_air_kg,15,0.6131404560918114,0.6131404560918114
NSW,15,hazardous_disposal_tonnes,zinc_water_kg,15,-0.564157470189837,0.564157470189837
NSW,15,hazardous_disposal_tonnes,zinc_land_kg,15,0.7579239910508169,0.7579239910508169
NSW,15,hazardous_disposal_tonnes,tvoc_air_kg,15,-0.8130606899097483,0.8130606899097483
NSW,15,hazardous_disposal_tonnes,tvoc_water_kg,15,-0.2647412100835163,0.2647412100835163
NSW,15,hazardous_disposal_tonnes,tvoc_land_kg,15,-0.26474121008351625,0.26474121008351625
NSW,15,hazardous_disposal_tonnes,pm10_air_kg,15,0.49097021743199376,0.49097021743199376
NSW,15,hazardous_disposal_tonnes,pm10_water_kg,15,,
NSW,15,hazardous_disposal_tonnes,pm10_land_kg,15,,
NSW,15,hazardous_disposal_tonnes,pm25_air_kg,15,-0.2059547933545025,0.2059547933545025
NSW,15,hazardous_disposal_tonnes,pm25_water_kg,15,,
NSW,15,hazardous_disposal_tonnes,pm25_land_kg,15,,
NT,15,ewaste_proxy_tonnes,total_air_emission_kg,15,0.34450855502574124,0.34450855502574124
NT,15,ewaste_proxy_tonnes,total_water_emission_kg,15,0.098827426944002,0.098827426944002
NT,15,ewaste_proxy_tonnes,total_land_emission_kg,15,0.33254735605995406,0.33254735605995406
NT,15,ewaste_proxy_tonnes,lead_air_kg,15,-0.14496500896068687,0.14496500896068687
NT,15,ewaste_proxy_tonnes,lead_water_kg,15,-0.2207181369900957,0.2207181369900957
NT,15,ewaste_proxy_tonnes,lead_land_kg,15,-0.011884538307083569,0.011884538307083569
NT,15,ewaste_proxy_tonnes,mercury_air_kg,15,-0.36674337722237116,0.36674337722237116
NT,15,ewaste_proxy_tonnes,mercury_water_kg,15,0.05373521193160784,0.05373521193160784
NT,15,ewaste_proxy_tonnes,mercury_land_kg,15,0.7088291132250889,0.7088291132250889
NT,15,ewaste_proxy_tonnes,cadmium_air_kg,15,-0.41184551981307227,0.41184551981307227
NT,15,ewaste_proxy_tonnes,cadmium_water_kg,15,-0.31607209088715077,0.31607209088715077
NT,15,ewaste_proxy_tonnes,cadmium_land_kg,15,0.41206583226686544,0.41206583226686544
NT,15,ewaste_proxy_tonnes,nickel_air_kg,15,-0.3228868969223543,0.3228868969223543
NT,15,ewaste_proxy_tonnes,nickel_water_kg,15,-0.19530443596105626,0.19530443596105626
NT,15,ewaste_proxy_tonnes,nickel_land_kg,15,-0.1120594974950491,0.1120594974950491
NT,15,ewaste_proxy_tonnes,chromium_air_kg,15,0.3488569769231008,0.3488569769231008
NT,15,ewaste_proxy_tonnes,chromium_water_kg,15,-0.0047134872799464425,0.0047134872799464425
NT,15,ewaste_proxy_tonnes,chromium_land_kg,15,-0.10000341980907963,0.10000341980907963
NT,15,ewaste_proxy_tonnes,copper_air_kg,15,-0.3684164746103499,0.3684164746103499
NT,15,ewaste_proxy_tonnes,copper_water_kg,15,-0.24073084130897715,0.24073084130897715
NT,15,ewaste_proxy_tonnes,copper_land_kg,15,-0.098556497281584,0.098556497281584
NT,15,ewaste_proxy_tonnes,zinc_air_kg,15,-0.41866132524571587,0.41866132524571587
NT,15,ewaste_proxy_tonnes,zinc_water_kg,15,-0.03796265235917372,0.03796265235917372
NT,15,ewaste_proxy_tonnes,zinc_land_kg,15,0.13523575406345104,0.13523575406345104
NT,15,ewaste_proxy_tonnes,tvoc_air_kg,15,0.8473116855116638,0.8473116855116638
NT,15,ewaste_proxy_tonnes,tvoc_water_kg,15,-0.1370990669735651,0.1370990669735651
NT,15,ewaste_proxy_tonnes,tvoc_land_kg,15,-0.13709906697356505,0.13709906697356505
NT,15,ewaste_proxy_tonnes,pm10_air_kg,15,0.7565220005972481,0.7565220005972481
NT,15,ewaste_proxy_tonnes,pm10_water_kg,15,,
NT,15,ewaste_proxy_tonnes,pm10_land_kg,15,,
NT,15,ewaste_proxy_tonnes,pm25_air_kg,15,-0.13905735194258276,0.13905735194258276
NT,15,ewaste_proxy_tonnes,pm25_water_kg,15,,
NT,15,ewaste_proxy_tonnes,pm25_land_kg,15,,
NT,15,hazardous_recycling_tonnes,total_air_emission_kg,15,0.28502362374552404,0.28502362374552404
NT,15,hazardous_recycling_tonnes,total_water_emission_kg,15,-0.149814717460937,0.149814717460937
NT,15,hazardous_recycling_tonnes,total_land_emission_kg,15,0.2856537271471164,0.2856537271471164
NT,15,hazardous_recycling_tonnes,lead_air_kg,15,-0.14045240750956464,0.14045240750956464
NT,15,hazardous_recycling_tonnes,lead_water_kg,15,-0.1762426056006937,0.1762426056006937
NT,15,hazardous_recycling_tonnes,lead_land_kg,15,0.05556318918562262,0.05556318918562262
NT,15,hazardous_recycling_tonnes,mercury_air_kg,15,-0.21519039655284466,0.21519039655284466
NT,15,hazardous_recycling_tonnes,mercury_water_kg,15,0.02939088917275424,0.02939088917275424
NT,15,hazardous_recycling_tonnes,mercury_land_kg,15,0.4202524040084198,0.4202524040084198
NT,15,hazardous_recycling_tonnes,cadmium_air_kg,15,-0.27081151918610596,0.27081151918610596
NT,15,hazardous_recycling_tonnes,cadmium_water_kg,15,-0.19367948502843646,0.19367948502843646
NT,15,hazardous_recycling_tonnes,cadmium_land_kg,15,0.5877439142617852,0.5877439142617852
NT,15,hazardous_recycling_tonnes,nickel_air_kg,15,-0.17557855958370136,0.17557855958370136
NT,15,hazardous_recycling_tonnes,nickel_water_kg,15,-0.21355084195507423,0.21355084195507423
NT,15,hazardous_recycling_tonnes,nickel_land_kg,15,-0.07420619408600428,0.07420619408600428
NT,15,hazardous_recycling_tonnes,chromium_air_kg,15,0.2225820088307232,0.2225820088307232
NT,15,hazardous_recycling_tonnes,chromium_water_kg,15,-0.07600501992819729,0.07600501992819729
NT,15,hazardous_recycling_tonnes,chromium_land_kg,15,-0.060066613583854254,0.060066613583854254
NT,15,hazardous_recycling_tonnes,copper_air_kg,15,-0.24679234780276008,0.24679234780276008
NT,15,hazardous_recycling_tonnes,copper_water_kg,15,-0.11716651544246386,0.11716651544246386
NT,15,hazardous_recycling_tonnes,copper_land_kg,15,0.0019863132674639637,0.0019863132674639637
NT,15,hazardous_recycling_tonnes,zinc_air_kg,15,-0.2772748277831266,0.2772748277831266
NT,15,hazardous_recycling_tonnes,zinc_water_kg,15,0.057543045361112044,0.057543045361112044
NT,15,hazardous_recycling_tonnes,zinc_land_kg,15,0.3175403965175539,0.3175403965175539
NT,15,hazardous_recycling_tonnes,tvoc_air_kg,15,0.6286603598163558,0.6286603598163558
NT,15,hazardous_recycling_tonnes,tvoc_water_kg,15,-0.09167169491489642,0.09167169491489642
NT,15,hazardous_recycling_tonnes,tvoc_land_kg,15,-0.09167169491489643,0.09167169491489643
NT,15,hazardous_recycling_tonnes,pm10_air_kg,15,0.44164735618104317,0.44164735618104317
NT,15,hazardous_recycling_tonnes,pm10_water_kg,15,,
NT,15,hazardous_recycling_tonnes,pm10_land_kg,15,,
NT,15,hazardous_recycling_tonnes,pm25_air_kg,15,-0.06752613578430261,0.06752613578430261
NT,15,hazardous_recycling_tonnes,pm25_water_kg,15,,
NT,15,hazardous_recycling_tonnes,pm25_land_kg,15,,
NT,15,hazardous_disposal_tonnes,total_air_emission_kg,15,0.276768300670979,0.276768300670979
NT,15,hazardous_disposal_tonnes,total_water_emission_kg,15,0.3369554484164786,0.3369554484164786
NT,15,hazardous_disposal_tonnes,total_land_emission_kg,15,0.26600783159441854,0.26600783159441854
NT,15,hazardous_disposal_tonnes,lead_air_kg,15,-0.10097174505918208,0.10097174505918208
NT,15,hazardous_disposal_tonnes,lead_water_kg,15,-0.19322753640362034,0.19322753640362034
NT,15,hazardous_disposal_tonnes,lead_land_kg,15,-0.07873667187621868,0.07873667187621868
NT,15,hazardous_disposal_tonnes,mercury_air_kg,15,-0.40610455316395155,0.40610455316395155
NT,15,hazardous_disposal_tonnes,mercury_water_kg,15,0.04756982047193161,0.04756982047193161
NT,15,hazardous_disposal_tonnes,mercury_land_kg,15,0.769101911066444,0.769101911066444
NT,15,hazardous_disposal_tonnes,cadmium_air_kg,15,-0.42212312195832447,0.42212312195832447
NT,15,hazardous_disposal_tonnes,cadmium_water_kg,15,-0.34013564619462533,0.34013564619462533
NT,15,hazardous_disposal_tonnes,cadmium_land_kg,15,0.0879118236646537,0.0879118236646537
NT,15,hazardous_disposal_tonnes,nickel_air_kg,15,-0.37296290340594046,0.37296290340594046
NT,15,hazardous_disposal_tonnes,nickel_water_kg,15,-0.10692544956683837,0.10692544956683837
NT,15,hazardous_disposal_tonnes,nickel_land_kg,15,-0.11506798005661789,0.11506798005661789
NT,15,hazardous_disposal_tonnes,chromium_air_kg,15,0.36304823331251646,0.36304823331251646
NT,15,hazardous_disposal_tonnes,chromium_water_kg,15,0.0641859850462707,0.0641859850462707
NT,15,hazardous_disposal_tonnes,chromium_land_kg,15,-0.11200400826996433,0.11200400826996433
NT,15,hazardous_disposal_tonnes,copper_air_kg,15,-0.37370711207889246,0.37370711207889246
NT,15,hazardous_disposal_tonnes,copper_water_kg,15,-0.28280739553977674,0.28280739553977674
NT,15,hazardous_disposal_tonnes,copper_land_kg,15,-0.17063009698144674,0.17063009698144674
NT,15,hazardous_disposal_tonnes,zinc_air_kg,15,-0.4283253706794157,0.4283253706794157
NT,15,hazardous_disposal_tonnes,zinc_water_kg,15,-0.11677759980085348,0.11677759980085348
NT,15,hazardous_disposal_tonnes,zinc_land_kg,15,-0.10531184107141336,0.10531184107141336
NT,15,hazardous_disposal_tonnes,tvoc_air_kg,15,0.7861667639084684,0.7861667639084684
NT,15,hazardous_disposal_tonnes,tvoc_water_kg,15,-0.13838403600245155,0.13838403600245155
NT,15,hazardous_disposal_tonnes,tvoc_land_kg,15,-0.1383840360024515,0.1383840360024515
NT,15,hazardous_disposal_tonnes,pm10_air_kg,15,0.8246439026517345,0.8246439026517345
NT,15,hazardous_disposal_tonnes,pm10_water_kg,15,,
NT,15,hazardous_disposal_tonnes,pm10_land_kg,15,,
NT,15,hazardous_disposal_tonnes,pm25_air_kg,15,-0.16964331126206278,0.16964331126206278
NT,15,hazardous_disposal_tonnes,pm25_water_kg,15,,
NT,15,hazardous_disposal_tonnes,pm25_land_kg,15,,
QLD,15,ewaste_proxy_tonnes,total_air_emission_kg,15,0.34057140025777355,0.34057140025777355
QLD,15,ewaste_proxy_tonnes,total_water_emission_kg,15,-0.005183291754329495,0.005183291754329495
QLD,15,ewaste_proxy_tonnes,total_land_emission_kg,15,0.15985822767118282,0.15985822767118282
QLD,15,ewaste_proxy_tonnes,lead_air_kg,15,-0.052208651207821775,0.052208651207821775
QLD,15,ewaste_proxy_tonnes,lead_water_kg,15,-0.17600872797635442,0.17600872797635442
QLD,15,ewaste_proxy_tonnes,lead_land_kg,15,-0.045035460229291016,0.045035460229291016
QLD,15,ewaste_proxy_tonnes,mercury_air_kg,15,0.4204992096280979,0.4204992096280979
QLD,15,ewaste_proxy_tonnes,mercury_water_kg,15,0.32321582696591966,0.32321582696591966
QLD,15,ewaste_proxy_tonnes,mercury_land_kg,15,0.14601362654969044,0.14601362654969044
QLD,15,ewaste_proxy_tonnes,cadmium_air_kg,15,-0.29202585741555953,0.29202585741555953
QLD,15,ewaste_proxy_tonnes,cadmium_water_kg,15,0.0030171608632534636,0.0030171608632534636
QLD,15,ewaste_proxy_tonnes,cadmium_land_kg,15,0.030364410036231675,0.030364410036231675
QLD,15,ewaste_proxy_tonnes,nickel_air_kg,15,-0.016763159179728135,0.016763159179728135
QLD,15,ewaste_proxy_tonnes,nickel_water_kg,15,0.1931244798202318,0.1931244798202318
QLD,15,ewaste_proxy_tonnes,nickel_land_kg,15,-0.03434280236461492,0.03434280236461492
QLD,15,ewaste_proxy_tonnes,chromium_air_kg,15,-0.029180392961214253,0.029180392961214253
QLD,15,ewaste_proxy_tonnes,chromium_water_kg,15,0.17963055125350297,0.17963055125350297
QLD,15,ewaste_proxy_tonnes,chromium_land_kg,15,0.07568624984463714,0.07568624984463714
QLD,15,ewaste_proxy_tonnes,copper_air_kg,15,0.21377035515312248,0.21377035515312248
QLD,15,ewaste_proxy_tonnes,copper_water_kg,15,-0.32776396240819106,0.32776396240819106
QLD,15,ewaste_proxy_tonnes,copper_land_kg,15,-0.1459352805181656,0.1459352805181656
QLD,15,ewaste_proxy_tonnes,zinc_air_kg,15,-0.0064903669158939145,0.0064903669158939145
QLD,15,ewaste_proxy_tonnes,zinc_water_kg,15,-0.3530709717374742,0.3530709717374742
QLD,15,ewaste_proxy_tonnes,zinc_land_kg,15,-0.14961589965476813,0.14961589965476813
QLD,15,ewaste_proxy_tonnes,tvoc_air_kg,15,-0.3128066110199464,0.3128066110199464
QLD,15,ewaste_proxy_tonnes,tvoc_water_kg,15,-0.16228781550008844,0.16228781550008844
QLD,15,ewaste_proxy_tonnes,tvoc_land_kg,15,-0.16228781550008836,0.16228781550008836
QLD,15,ewaste_proxy_tonnes,pm10_air_kg,15,0.22194996244020204,0.22194996244020204
QLD,15,ewaste_proxy_tonnes,pm10_water_kg,15,,
QLD,15,ewaste_proxy_tonnes,pm10_land_kg,15,,
QLD,15,ewaste_proxy_tonnes,pm25_air_kg,15,0.14226033081023812,0.14226033081023812
QLD,15,ewaste_proxy_tonnes,pm25_water_kg,15,,
QLD,15,ewaste_proxy_tonnes,pm25_land_kg,15,,
QLD,15,hazardous_recycling_tonnes,total_air_emission_kg,15,0.7129976944100518,0.7129976944100518
QLD,15,hazardous_recycling_tonnes,total_water_emission_kg,15,-0.21690389686009479,0.21690389686009479
QLD,15,hazardous_recycling_tonnes,total_land_emission_kg,15,-0.05587067299236337,0.05587067299236337
QLD,15,hazardous_recycling_tonnes,lead_air_kg,15,-0.5913756166937507,0.5913756166937507
QLD,15,hazardous_recycling_tonnes,lead_water_kg,15,-0.4935494408536914,0.4935494408536914
QLD,15,hazardous_recycling_tonnes,lead_land_kg,15,-0.39179318885932535,0.39179318885932535
QLD,15,hazardous_recycling_tonnes,mercury_air_kg,15,0.3590403674171183,0.3590403674171183
QLD,15,hazardous_recycling_tonnes,mercury_water_kg,15,0.08005372539531606,0.08005372539531606
QLD,15,hazardous_recycling_tonnes,mercury_land_kg,15,-0.07132243996758343,0.07132243996758343
QLD,15,hazardous_recycling_tonnes,cadmium_air_kg,15,-0.5358259863941464,0.5358259863941464
QLD,15,hazardous_recycling_tonnes,cadmium_water_kg,15,-0.3683178985239407,0.3683178985239407
QLD,15,hazardous_recycling_tonnes,cadmium_land_kg,15,-0.4909970038925259,0.4909970038925259
QLD,15,hazardous_recycling_tonnes,nickel_air_kg,15,0.2731769582594855,0.2731769582594855
QLD,15,hazardous_recycling_tonnes,nickel_water_kg,15,0.22032373727778,0.22032373727778
QLD,15,hazardous_recycling_tonnes,nickel_land_kg,15,0.25277936853676075,0.25277936853676075
QLD,15,hazardous_recycling_tonnes,chromium_air_kg,15,0.5179664033697028,0.5179664033697028
QLD,15,hazardous_recycling_tonnes,chromium_water_kg,15,-0.38876013285788247,0.38876013285788247
QLD,15,hazardous_recycling_tonnes,chromium_land_kg,15,0.013595836245294202,0.013595836245294202
QLD,15,hazardous_recycling_tonnes,copper_air_kg,15,-0.37246390337030455,0.37246390337030455
QLD,15,hazardous_recycling_tonnes,copper_water_kg,15,-0.4427507919189979,0.4427507919189979
QLD,15,hazardous_recycling_tonnes,copper_land_kg,15,-0.2448420144060355,0.2448420144060355
QLD,15,hazardous_recycling_tonnes,zinc_air_kg,15,-0.5826612971821863,0.5826612971821863
QLD,15,hazardous_recycling_tonnes,zinc_water_kg,15,-0.4454208535577932,0.4454208535577932
QLD,15,hazardous_recycling_tonnes,zinc_land_kg,15,-0.0867409067820751,0.0867409067820751
QLD,15,hazardous_recycling_tonnes,tvoc_air_kg,15,-0.4836571338513683,0.4836571338513683
QLD,15,hazardous_recycling_tonnes,tvoc_water_kg,15,-0.2942968270577148,0.2942968270577148
QLD,15,hazardous_recycling_tonnes,tvoc_land_kg,15,-0.2942968270577147,0.2942968270577147
QLD,15,hazardous_recycling_tonnes,pm10_air_kg,15,0.8011470732321374,0.8011470732321374
QLD,15,hazardous_recycling_tonnes,pm10_water_kg,15,,
QLD,15,hazardous_recycling_tonnes,pm10_land_kg,15,,
QLD,15,hazardous_recycling_tonnes,pm25_air_kg,15,0.5695002734375113,0.5695002734375113
QLD,15,hazardous_recycling_tonnes,pm25_water_kg,15,,
QLD,15,hazardous_recycling_tonnes,pm25_land_kg,15,,
QLD,15,hazardous_disposal_tonnes,total_air_emission_kg,15,0.04014607834734708,0.04014607834734708
QLD,15,hazardous_disposal_tonnes,total_water_emission_kg,15,0.09390605411427641,0.09390605411427641
QLD,15,hazardous_disposal_tonnes,total_land_emission_kg,15,0.20085373624156544,0.20085373624156544
QLD,15,hazardous_disposal_tonnes,lead_air_kg,15,0.20887218365799476,0.20887218365799476
QLD,15,hazardous_disposal_tonnes,lead_water_kg,15,0.03403018227316918,0.03403018227316918
QLD,15,hazardous_disposal_tonnes,lead_land_kg,15,0.12903639604796108,0.12903639604796108
QLD,15,hazardous_disposal_tonnes,mercury_air_kg,15,0.28614291066497943,0.28614291066497943
QLD,15,hazardous_disposal_tonnes,mercury_water_kg,15,0.30750920275619853,0.30750920275619853
QLD,15,hazardous_disposal_tonnes,mercury_land_kg,15,0.1821584150284229,0.1821584150284229
QLD,15,hazardous_disposal_tonnes,cadmium_air_kg,15,-0.07186385368088521,0.07186385368088521
QLD,15,hazardous_disposal_tonnes,cadmium_water_kg,15,0.17353011303757587,0.17353011303757587
QLD,15,hazardous_disposal_tonnes,cadmium_land_kg,15,0.25309557376441294,0.25309557376441294
QLD,15,hazardous_disposal_tonnes,nickel_air_kg,15,-0.1283723700305278,0.1283723700305278
QLD,15,hazardous_disposal_tonnes,nickel_water_kg,15,0.1034356975147441,0.1034356975147441
QLD,15,hazardous_disposal_tonnes,nickel_land_kg,15,-0.15296196631521455,0.15296196631521455
QLD,15,hazardous_disposal_tonnes,chromium_air_kg,15,-0.2557180048551415,0.2557180048551415
QLD,15,hazardous_disposal_tonnes,chromium_water_kg,15,0.3621166213284232,0.3621166213284232
QLD,15,hazardous_disposal_tonnes,chromium_land_kg,15,0.06879963670913271,0.06879963670913271
QLD,15,hazardous_disposal_tonnes,copper_air_kg,15,0.39361817463496324,0.39361817463496324
QLD,15,hazardous_disposal_tonnes,copper_water_kg,15,-0.14966052083805012,0.14966052083805012
QLD,15,hazardous_disposal_tonnes,copper_land_kg,15,-0.04322057035275549,0.04322057035275549
QLD,15,hazardous_disposal_tonnes,zinc_air_kg,15,0.2518230798858293,0.2518230798858293
QLD,15,hazardous_disposal_tonnes,zinc_water_kg,15,-0.17570831707396523,0.17570831707396523
QLD,15,hazardous_disposal_tonnes,zinc_land_kg,15,-0.11974395911351501,0.11974395911351501
QLD,15,hazardous_disposal_tonnes,tvoc_air_kg,15,-0.11102899404603807,0.11102899404603807
QLD,15,hazardous_disposal_tonnes,tvoc_water_kg,15,-0.037457129715333375,0.037457129715333375
QLD,15,hazardous_disposal_tonnes,tvoc_land_kg,15,-0.03745712971533338,0.03745712971533338
QLD,15,hazardous_disposal_tonnes,pm10_air_kg,15,-0.11788793202301376,0.11788793202301376
QLD,15,hazardous_disposal_tonnes,pm10_water_kg,15,,
QLD,15,hazardous_disposal_tonnes,pm10_land_kg,15,,
QLD,15,hazardous_disposal_tonnes,pm25_air_kg,15,-0.10427610969656918,0.10427610969656918
QLD,15,hazardous_disposal_tonnes,pm25_water_kg,15,,
QLD,15,hazardous_disposal_tonnes,pm25_land_kg,15,,
SA,15,ewaste_proxy_tonnes,total_air_emission_kg,15,0.6046719468835569,0.6046719468835569
SA,15,ewaste_proxy_tonnes,total_water_emission_kg,15,-0.05035536824575505,0.05035536824575505
SA,15,ewaste_proxy_tonnes,total_land_emission_kg,15,0.48919534413026955,0.48919534413026955
SA,15,ewaste_proxy_tonnes,lead_air_kg,15,0.4830401298106135,0.4830401298106135
SA,15,ewaste_proxy_tonnes,lead_water_kg,15,0.21969162446677018,0.21969162446677018
SA,15,ewaste_proxy_tonnes,lead_land_kg,15,-0.3700081846421091,0.3700081846421091
SA,15,ewaste_proxy_tonnes,mercury_air_kg,15,0.3261232611646535,0.3261232611646535
SA,15,ewaste_proxy_tonnes,mercury_water_kg,15,-0.522812986146443,0.522812986146443
SA,15,ewaste_proxy_tonnes,mercury_land_kg,15,-0.2905767685915669,0.2905767685915669
SA,15,ewaste_proxy_tonnes,cadmium_air_kg,15,0.431914320728264,0.431914320728264
SA,15,ewaste_proxy_tonnes,cadmium_water_kg,15,0.38330428444684744,0.38330428444684744
SA,15,ewaste_proxy_tonnes,cadmium_land_kg,15,0.29804783785397393,0.29804783785397393
SA,15,ewaste_proxy_tonnes,nickel_air_kg,15,-0.128681364983275,0.128681364983275
SA,15,ewaste_proxy_tonnes,nickel_water_kg,15,-0.46772462899342115,0.46772462899342115
SA,15,ewaste_proxy_tonnes,nickel_land_kg,15,0.45225709824789717,0.45225709824789717
SA,15,ewaste_proxy_tonnes,chromium_air_kg,15,-0.23285541767391144,0.23285541767391144
SA,15,ewaste_proxy_tonnes,chromium_water_kg,15,0.05193249845136193,0.05193249845136193
SA,15,ewaste_proxy_tonnes,chromium_land_kg,15,0.625422374311353,0.625422374311353
SA,15,ewaste_proxy_tonnes,copper_air_kg,15,0.401595171717989,0.401595171717989
SA,15,ewaste_proxy_tonnes,copper_water_kg,15,0.3489365688118773,0.3489365688118773
SA,15,ewaste_proxy_tonnes,copper_land_kg,15,0.1915330888638202,0.1915330888638202
SA,15,ewaste_proxy_tonnes,zinc_air_kg,15,-0.38226661107620946,0.38226661107620946
SA,15,ewaste_proxy_tonnes,zinc_water_kg,15,0.19238711999477012,0.19238711999477012
SA,15,ewaste_proxy_tonnes,zinc_land_kg,15,-0.03727050917181884,0.03727050917181884
SA,15,ewaste_proxy_tonnes,tvoc_air_kg,15,-0.03533705686480723,0.03533705686480723
SA,15,ewaste_proxy_tonnes,tvoc_water_kg,15,-0.38081594347807735,0.38081594347807735
SA,15,ewaste_proxy_tonnes,tvoc_land_kg,15,-0.3808159434780773,0.3808159434780773
SA,15,ewaste_proxy_tonnes,pm10_air_kg,15,0.31132011804280135,0.31132011804280135
SA,15,ewaste_proxy_tonnes,pm10_water_kg,15,,
SA,15,ewaste_proxy_tonnes,pm10_land_kg,15,,
SA,15,ewaste_proxy_tonnes,pm25_air_kg,15,0.3369000299047301,0.3369000299047301
SA,15,ewaste_proxy_tonnes,pm25_water_kg,15,,
SA,15,ewaste_proxy_tonnes,pm25_land_kg,15,,
SA,15,hazardous_recycling_tonnes,total_air_emission_kg,15,0.10725131842870139,0.10725131842870139
SA,15,hazardous_recycling_tonnes,total_water_emission_kg,15,-0.28527275592606216,0.28527275592606216
SA,15,hazardous_recycling_tonnes,total_land_emission_kg,15,0.18882404615726225,0.18882404615726225
SA,15,hazardous_recycling_tonnes,lead_air_kg,15,0.3745893132432119,0.3745893132432119
SA,15,hazardous_recycling_tonnes,lead_water_kg,15,0.6684169504973644,0.6684169504973644
SA,15,hazardous_recycling_tonnes,lead_land_kg,15,-0.33827749373594357,0.33827749373594357
SA,15,hazardous_recycling_tonnes,mercury_air_kg,15,0.6856295206781723,0.6856295206781723
SA,15,hazardous_recycling_tonnes,mercury_water_kg,15,-0.709653356594297,0.709653356594297
SA,15,hazardous_recycling_tonnes,mercury_land_kg,15,-0.24784749438773707,0.24784749438773707
SA,15,hazardous_recycling_tonnes,cadmium_air_kg,15,-0.009216290110561987,0.009216290110561987
SA,15,hazardous_recycling_tonnes,cadmium_water_kg,15,0.6627407264189843,0.6627407264189843
SA,15,hazardous_recycling_tonnes,cadmium_land_kg,15,0.7755871035207883,0.7755871035207883
SA,15,hazardous_recycling_tonnes,nickel_air_kg,15,-0.5174163324704272,0.5174163324704272
SA,15,hazardous_recycling_tonnes,nickel_water_kg,15,-0.6837265412897081,0.6837265412897081
SA,15,hazardous_recycling_tonnes,nickel_land_kg,15,0.3070651834907939,0.3070651834907939
SA,15,hazardous_recycling_tonnes,chromium_air_kg,15,-0.5746226236782833,0.5746226236782833
SA,15,hazardous_recycling_tonnes,chromium_water_kg,15,0.12990579145045178,0.12990579145045178
SA,15,hazardous_recycling_tonnes,chromium_land_kg,15,0.7951354592074303,0.7951354592074303
SA,15,hazardous_recycling_tonnes,copper_air_kg,15,0.10718832879762884,0.10718832879762884
SA,15,hazardous_recycling_tonnes,copper_water_kg,15,0.4613933783880462,0.4613933783880462
SA,15,hazardous_recycling_tonnes,copper_land_kg,15,0.19941790793891945,0.19941790793891945
SA,15,hazardous_recycling_tonnes,zinc_air_kg,15,-0.44497404592688666,0.44497404592688666
SA,15,hazardous_recycling_tonnes,zinc_water_kg,15,0.6000124297108685,0.6000124297108685
SA,15,hazardous_recycling_tonnes,zinc_land_kg,15,-0.2920161306244551,0.2920161306244551
SA,15,hazardous_recycling_tonnes,tvoc_air_kg,15,-0.3087925049862538,0.3087925049862538
SA,15,hazardous_recycling_tonnes,tvoc_water_kg,15,-0.36248091469181076,0.36248091469181076
SA,15,hazardous_recycling_tonnes,tvoc_land_kg,15,-0.3624809146918107,0.3624809146918107
SA,15,hazardous_recycling_tonnes,pm10_air_kg,15,0.14642775966893318,0.14642775966893318
SA,15,hazardous_recycling_tonnes,pm10_water_kg,15,,
SA,15,hazardous_recycling_tonnes,pm10_land_kg,15,,
SA,15,hazardous_recycling_tonnes,pm25_air_kg,15,0.11547149924456672,0.11547149924456672
SA,15,hazardous_recycling_tonnes,pm25_water_kg,15,,
SA,15,hazardous_recycling_tonnes,pm25_land_kg,15,,
SA,15,hazardous_disposal_tonnes,total_air_emission_kg,15,0.7602115491187597,0.7602115491187597
SA,15,hazardous_disposal_tonnes,total_water_emission_kg,15,0.1664402575603014,0.1664402575603014
SA,15,hazardous_disposal_tonnes,total_land_emission_kg,15,0.527601167620503,0.527601167620503
SA,15,hazardous_disposal_tonnes,lead_air_kg,15,0.3695982558027216,0.3695982558027216
SA,15,hazardous_disposal_tonnes,lead_water_kg,15,-0.24595769378862584,0.24595769378862584
SA,15,hazardous_disposal_tonnes,lead_land_kg,15,-0.23787981642374226,0.23787981642374226
SA,15,hazardous_disposal_tonnes,mercury_air_kg,15,-0.10837621123991856,0.10837621123991856
SA,15,hazardous_disposal_tonnes,mercury_water_kg,15,-0.1425405027122602,0.1425405027122602
SA,15,hazardous_disposal_tonnes,mercury_land_kg,15,-0.20174950119969107,0.20174950119969107
SA,15,hazardous_disposal_tonnes,cadmium_air_kg,15,0.6144770415248813,0.6144770415248813
SA,15,hazardous_disposal_tonnes,cadmium_water_kg,15,-0.00944776977143176,0.00944776977143176
SA,15,hazardous_disposal_tonnes,cadmium_land_kg,15,-0.22609392555818877,0.22609392555818877
SA,15,hazardous_disposal_tonnes,nickel_air_kg,15,0.2520701994047179,0.2520701994047179
SA,15,hazardous_disposal_tonnes,nickel_water_kg,15,-0.08794238190869291,0.08794238190869291
SA,15,hazardous_disposal_tonnes,nickel_land_kg,15,0.378792586649868,0.378792586649868
SA,15,hazardous_disposal_tonnes,chromium_air_kg,15,0.15040823571333783,0.15040823571333783
SA,15,hazardous_disposal_tonnes,chromium_water_kg,15,-0.038730555157536664,0.038730555157536664
SA,15,hazardous_disposal_tonnes,chromium_land_kg,15,0.218175801345265,0.218175801345265
SA,15,hazardous_disposal_tonnes,copper_air_kg,15,0.47130128976529656,0.47130128976529656
SA,15,hazardous_disposal_tonnes,copper_water_kg,15,0.10779852014673134,0.10779852014673134
SA,15,hazardous_disposal_tonnes,copper_land_kg,15,0.10278776708387495,0.10278776708387495
SA,15,hazardous_disposal_tonnes,zinc_air_kg,15,-0.1635277664024615,0.1635277664024615
SA,15,hazardous_disposal_tonnes,zinc_water_kg,15,-0.2261568036917556,0.2261568036917556
SA,15,hazardous_disposal_tonnes,zinc_land_kg,15,0.18864392247657336,0.18864392247657336
SA,15,hazardous_disposal_tonnes,tvoc_air_kg,15,0.20409303693373487,0.20409303693373487
SA,15,hazardous_disposal_tonnes,tvoc_water_kg,15,-0.23151771395396822,0.23151771395396822
SA,15,hazardous_disposal_tonnes,tvoc_land_kg,15,-0.2315177139539681,0.2315177139539681
SA,15,hazardous_disposal_tonnes,pm10_air_kg,15,0.31386007917385245,0.31386007917385245
SA,15,hazardous_disposal_tonnes,pm10_water_kg,15,,
SA,15,hazardous_disposal_tonnes,pm10_land_kg,15,,
SA,15,hazardous_disposal_tonnes,pm25_air_kg,15,0.3752644988981601,0.3752644988981601
SA,15,hazardous_disposal_tonnes,pm25_water_kg,15,,
SA,15,hazardous_disposal_tonnes,pm25_land_kg,15,,
TAS,15,ewaste_proxy_tonnes,total_air_emission_kg,15,0.250481054482001,0.250481054482001
TAS,15,ewaste_proxy_tonnes,total_water_emission_kg,15,-0.40524668891511023,0.40524668891511023
TAS,15,ewaste_proxy_tonnes,total_land_emission_kg,15,-0.12002762610269167,0.12002762610269167
TAS,15,ewaste_proxy_tonnes,lead_air_kg,15,-0.1997337988952653,0.1997337988952653
TAS,15,ewaste_proxy_tonnes,lead_water_kg,15,-0.13951137746331205,0.13951137746331205
TAS,15,ewaste_proxy_tonnes,lead_land_kg,15,0.39610865566052256,0.39610865566052256
TAS,15,ewaste_proxy_tonnes,mercury_air_kg,15,-0.02821174992425976,0.02821174992425976
TAS,15,ewaste_proxy_tonnes,mercury_water_kg,15,-0.10048550715221208,0.10048550715221208
TAS,15,ewaste_proxy_tonnes,mercury_land_kg,15,-0.21667539139133474,0.21667539139133474
TAS,15,ewaste_proxy_tonnes,cadmium_air_kg,15,0.0004430353390096953,0.0004430353390096953
TAS,15,ewaste_proxy_tonnes,cadmium_water_kg,15,-0.03386106524630463,0.03386106524630463
TAS,15,ewaste_proxy_tonnes,cadmium_land_kg,15,-0.6022375544601214,0.6022375544601214
TAS,15,ewaste_proxy_tonnes,nickel_air_kg,15,-0.11743055635512581,0.11743055635512581
TAS,15,ewaste_proxy_tonnes,nickel_water_kg,15,-0.21861568289263025,0.21861568289263025
TAS,15,ewaste_proxy_tonnes,nickel_land_kg,15,-0.1811613916499924,0.1811613916499924
TAS,15,ewaste_proxy_tonnes,chromium_air_kg,15,-0.10153323906022053,0.10153323906022053
TAS,15,ewaste_proxy_tonnes,chromium_water_kg,15,-0.4113299190826013,0.4113299190826013
TAS,15,ewaste_proxy_tonnes,chromium_land_kg,15,-0.13978071538995657,0.13978071538995657
TAS,15,ewaste_proxy_tonnes,copper_air_kg,15,-0.3497345682611205,0.3497345682611205
TAS,15,ewaste_proxy_tonnes,copper_water_kg,15,-0.31457615604310035,0.31457615604310035
TAS,15,ewaste_proxy_tonnes,copper_land_kg,15,0.40557560241509183,0.40557560241509183
TAS,15,ewaste_proxy_tonnes,zinc_air_kg,15,-0.19641832326738473,0.19641832326738473
TAS,15,ewaste_proxy_tonnes,zinc_water_kg,15,-0.30416253438713736,0.30416253438713736
TAS,15,ewaste_proxy_tonnes,zinc_land_kg,15,0.7254140868568785,0.7254140868568785
TAS,15,ewaste_proxy_tonnes,tvoc_air_kg,15,-0.18498880235883627,0.18498880235883627
TAS,15,ewaste_proxy_tonnes,tvoc_water_kg,15,-0.14403795581879505,0.14403795581879505
TAS,15,ewaste_proxy_tonnes,tvoc_land_kg,15,-0.14403795581879503,0.14403795581879503
TAS,15,ewaste_proxy_tonnes,pm10_air_kg,15,-0.3979047926692839,0.3979047926692839
TAS,15,ewaste_proxy_tonnes,pm10_water_kg,15,,
TAS,15,ewaste_proxy_tonnes,pm10_land_kg,15,,
TAS,15,ewaste_proxy_tonnes,pm25_air_kg,15,-0.13910148831336597,0.13910148831336597
TAS,15,ewaste_proxy_tonnes,pm25_water_kg,15,,
TAS,15,ewaste_proxy_tonnes,pm25_land_kg,15,,
TAS,15,hazardous_recycling_tonnes,total_air_emission_kg,15,0.19008309002810028,0.19008309002810028
TAS,15,hazardous_recycling_tonnes,total_water_emission_kg,15,-0.3992274081312487,0.3992274081312487
TAS,15,hazardous_recycling_tonnes,total_land_emission_kg,15,-0.1792044636636932,0.1792044636636932
TAS,15,hazardous_recycling_tonnes,lead_air_kg,15,-0.20614718039474347,0.20614718039474347
TAS,15,hazardous_recycling_tonnes,lead_water_kg,15,-0.0929577894919348,0.0929577894919348
TAS,15,hazardous_recycling_tonnes,lead_land_kg,15,0.4276073271852026,0.4276073271852026
TAS,15,hazardous_recycling_tonnes,mercury_air_kg,15,0.06020520637994793,0.06020520637994793
TAS,15,hazardous_recycling_tonnes,mercury_water_kg,15,-0.12339615952469547,0.12339615952469547
TAS,15,hazardous_recycling_tonnes,mercury_land_kg,15,-0.20477970289278893,0.20477970289278893
TAS,15,hazardous_recycling_tonnes,cadmium_air_kg,15,-0.018943218490911812,0.018943218490911812
TAS,15,hazardous_recycling_tonnes,cadmium_water_kg,15,-0.07712687304976354,0.07712687304976354
TAS,15,hazardous_recycling_tonnes,cadmium_land_kg,15,-0.665304443013512,0.665304443013512
TAS,15,hazardous_recycling_tonnes,nickel_air_kg,15,-0.13986716035387609,0.13986716035387609
TAS,15,hazardous_recycling_tonnes,nickel_water_kg,15,-0.2808241987554311,0.2808241987554311
TAS,15,hazardous_recycling_tonnes,nickel_land_kg,15,-0.1748199697065756,0.1748199697065756
TAS,15,hazardous_recycling_tonnes,chromium_air_kg,15,-0.1171259926070783,0.1171259926070783
TAS,15,hazardous_recycling_tonnes,chromium_water_kg,15,-0.3759831768532356,0.3759831768532356
TAS,15,hazardous_recycling_tonnes,chromium_land_kg,15,-0.12768073647390854,0.12768073647390854
TAS,15,hazardous_recycling_tonnes,copper_air_kg,15,-0.38454360883276234,0.38454360883276234
TAS,15,hazardous_recycling_tonnes,copper_water_kg,15,-0.3243492527249654,0.3243492527249654
TAS,15,hazardous_recycling_tonnes,copper_land_kg,15,0.43485642272110986,0.43485642272110986
TAS,15,hazardous_recycling_tonnes,zinc_air_kg,15,-0.23466382626084598,0.23466382626084598
TAS,15,hazardous_recycling_tonnes,zinc_water_kg,15,-0.2926852422389231,0.2926852422389231
TAS,15,hazardous_recycling_tonnes,zinc_land_kg,15,0.728804888088218,0.728804888088218
TAS,15,hazardous_recycling_tonnes,tvoc_air_kg,15,-0.2648596746155113,0.2648596746155113
TAS,15,hazardous_recycling_tonnes,tvoc_water_kg,15,-0.13748264926280626,0.13748264926280626
TAS,15,hazardous_recycling_tonnes,tvoc_land_kg,15,-0.13748264926280623,0.13748264926280623
TAS,15,hazardous_recycling_tonnes,pm10_air_kg,15,-0.46471425132553534,0.46471425132553534
TAS,15,hazardous_recycling_tonnes,pm10_water_kg,15,,
TAS,15,hazardous_recycling_tonnes,pm10_land_kg,15,,
TAS,15,hazardous_recycling_tonnes,pm25_air_kg,15,-0.17342895093237068,0.17342895093237068
TAS,15,hazardous_recycling_tonnes,pm25_water_kg,15,,
TAS,15,hazardous_recycling_tonnes,pm25_land_kg,15,,
TAS,15,hazardous_disposal_tonnes,total_air_emission_kg,15,0.3552829223028477,0.3552829223028477
TAS,15,hazardous_disposal_tonnes,total_water_emission_kg,15,-0.33304517978004,0.33304517978004
TAS,15,hazardous_disposal_tonnes,total_land_emission_kg,15,0.060356320021021787,0.060356320021021787
TAS,15,hazardous_disposal_tonnes,lead_air_kg,15,-0.13537142486975914,0.13537142486975914
TAS,15,hazardous_disposal_tonnes,lead_water_kg,15,-0.22510252461189972,0.22510252461189972
TAS,15,hazardous_disposal_tonnes,lead_land_kg,15,0.22658055910570435,0.22658055910570435
TAS,15,hazardous_disposal_tonnes,mercury_air_kg,15,-0.2398161678057316,0.2398161678057316
TAS,15,hazardous_disposal_tonnes,mercury_water_kg,15,-0.02796671783897406,0.02796671783897406
TAS,15,hazardous_disposal_tonnes,mercury_land_kg,15,-0.1918052191808837,0.1918052191808837
TAS,15,hazardous_disposal_tonnes,cadmium_air_kg,15,0.04289104343556236,0.04289104343556236
TAS,15,hazardous_disposal_tonnes,cadmium_water_kg,15,0.07388318747380263,0.07388318747380263
TAS,15,hazardous_disposal_tonnes,cadmium_land_kg,15,-0.3221647670047855,0.3221647670047855
TAS,15,hazardous_disposal_tonnes,nickel_air_kg,15,-0.035076231683520656,0.035076231683520656
TAS,15,hazardous_disposal_tonnes,nickel_water_kg,15,-0.015649697811361968,0.015649697811361968
TAS,15,hazardous_disposal_tonnes,nickel_land_kg,15,-0.15312849419307145,0.15312849419307145
TAS,15,hazardous_disposal_tonnes,chromium_air_kg,15,-0.03953584568833645,0.03953584568833645
TAS,15,hazardous_disposal_tonnes,chromium_water_kg,15,-0.42820670306586833,0.42820670306586833
TAS,15,hazardous_disposal_tonnes,chromium_land_kg,15,-0.13460520837591003,0.13460520837591003
TAS,15,hazardous_disposal_tonnes,copper_air_kg,15,-0.18077467071618503,0.18077467071618503
TAS,15,hazardous_disposal_tonnes,copper_water_kg,15,-0.21322278399813915,0.21322278399813915
TAS,15,hazardous_disposal_tonnes,copper_land_kg,15,0.2385861489563197,0.2385861489563197
TAS,15,hazardous_disposal_tonnes,zinc_air_kg,15,-0.05709246997634068,0.05709246997634068
TAS,15,hazardous_disposal_tonnes,zinc_water_kg,15,-0.25685403276300073,0.25685403276300073
TAS,15,hazardous_disposal_tonnes,zinc_land_kg,15,0.5693466013625879,0.5693466013625879
TAS,15,hazardous_disposal_tonnes,tvoc_air_kg,15,0.058982828620876754,0.058982828620876754
TAS,15,hazardous_disposal_tonnes,tvoc_water_kg,15,-0.12433441904769273,0.12433441904769273
TAS,15,hazardous_disposal_tonnes,tvoc_land_kg,15,-0.12433441904769268,0.12433441904769268
TAS,15,hazardous_disposal_tonnes,pm10_air_kg,15,-0.13921632138870535,0.13921632138870535
TAS,15,hazardous_disposal_tonnes,pm10_water_kg,15,,
TAS,15,hazardous_disposal_tonnes,pm10_land_kg,15,,
TAS,15,hazardous_disposal_tonnes,pm25_air_kg,15,-0.024585005668531,0.024585005668531
TAS,15,hazardous_disposal_tonnes,pm25_water_kg,15,,
TAS,15,hazardous_disposal_tonnes,pm25_land_kg,15,,
VIC,15,ewaste_proxy_tonnes,total_air_emission_kg,15,-0.8191753261567598,0.8191753261567598
VIC,15,ewaste_proxy_tonnes,total_water_emission_kg,15,0.6735615152252072,0.6735615152252072
VIC,15,ewaste_proxy_tonnes,total_land_emission_kg,15,0.33644143476145966,0.33644143476145966
VIC,15,ewaste_proxy_tonnes,lead_air_kg,15,-0.24869430539761264,0.24869430539761264
VIC,15,ewaste_proxy_tonnes,lead_water_kg,15,0.5902399768623011,0.5902399768623011
VIC,15,ewaste_proxy_tonnes,lead_land_kg,15,-0.01680890800551449,0.01680890800551449
VIC,15,ewaste_proxy_tonnes,mercury_air_kg,15,0.0889939183503318,0.0889939183503318
VIC,15,ewaste_proxy_tonnes,mercury_water_kg,15,-0.1643197947335568,0.1643197947335568
VIC,15,ewaste_proxy_tonnes,mercury_land_kg,15,-0.03233048520004504,0.03233048520004504
VIC,15,ewaste_proxy_tonnes,cadmium_air_kg,15,0.018914776077620717,0.018914776077620717
VIC,15,ewaste_proxy_tonnes,cadmium_water_kg,15,-0.47893458374228637,0.47893458374228637
VIC,15,ewaste_proxy_tonnes,cadmium_land_kg,15,-0.0010450027059697084,0.0010450027059697084
VIC,15,ewaste_proxy_tonnes,nickel_air_kg,15,0.013190656415489553,0.013190656415489553
VIC,15,ewaste_proxy_tonnes,nickel_water_kg,15,-0.4920451365772376,0.4920451365772376
VIC,15,ewaste_proxy_tonnes,nickel_land_kg,15,-0.0030504066545086546,0.0030504066545086546
VIC,15,ewaste_proxy_tonnes,chromium_air_kg,15,0.4781087479003164,0.4781087479003164
VIC,15,ewaste_proxy_tonnes,chromium_water_kg,15,-0.6163209955988651,0.6163209955988651
VIC,15,ewaste_proxy_tonnes,chromium_land_kg,15,-0.013260000016336702,0.013260000016336702
VIC,15,ewaste_proxy_tonnes,copper_air_kg,15,-0.038967054683581324,0.038967054683581324
VIC,15,ewaste_proxy_tonnes,copper_water_kg,15,0.16696899251469247,0.16696899251469247
VIC,15,ewaste_proxy_tonnes,copper_land_kg,15,-0.02329798043402525,0.02329798043402525
VIC,15,ewaste_proxy_tonnes,zinc_air_kg,15,-0.33674605615542963,0.33674605615542963
VIC,15,ewaste_proxy_tonnes,zinc_water_kg,15,0.13431799769008904,0.13431799769008904
VIC,15,ewaste_proxy_tonnes,zinc_land_kg,15,-0.028511071710159194,0.028511071710159194
VIC,15,ewaste_proxy_tonnes,tvoc_air_kg,15,-0.13899855801083755,0.13899855801083755
VIC,15,ewaste_proxy_tonnes,tvoc_water_kg,15,,
VIC,15,ewaste_proxy_tonnes,tvoc_land_kg,15,,
VIC,15,ewaste_proxy_tonnes,pm10_air_kg,15,-0.09989512837222608,0.09989512837222608
VIC,15,ewaste_proxy_tonnes,pm10_water_kg,15,,
VIC,15,ewaste_proxy_tonnes,pm10_land_kg,15,,
VIC,15,ewaste_proxy_tonnes,pm25_air_kg,15,-0.5599639768828721,0.5599639768828721
VIC,15,ewaste_proxy_tonnes,pm25_water_kg,15,,
VIC,15,ewaste_proxy_tonnes,pm25_land_kg,15,,
VIC,15,hazardous_recycling_tonnes,total_air_emission_kg,15,-0.8668621206714388,0.8668621206714388
VIC,15,hazardous_recycling_tonnes,total_water_emission_kg,15,0.6346585026956176,0.6346585026956176
VIC,15,hazardous_recycling_tonnes,total_land_emission_kg,15,0.2727919564155342,0.2727919564155342
VIC,15,hazardous_recycling_tonnes,lead_air_kg,15,-0.16040335517289905,0.16040335517289905
VIC,15,hazardous_recycling_tonnes,lead_water_kg,15,0.6857127068393108,0.6857127068393108
VIC,15,hazardous_recycling_tonnes,lead_land_kg,15,-0.31034543838980827,0.31034543838980827
VIC,15,hazardous_recycling_tonnes,mercury_air_kg,15,0.1988249458872225,0.1988249458872225
VIC,15,hazardous_recycling_tonnes,mercury_water_kg,15,-0.2471447540450189,0.2471447540450189
VIC,15,hazardous_recycling_tonnes,mercury_land_kg,15,-0.33740678765196874,0.33740678765196874
VIC,15,hazardous_recycling_tonnes,cadmium_air_kg,15,0.07857076523355498,0.07857076523355498
VIC,15,hazardous_recycling_tonnes,cadmium_water_kg,15,-0.4621501533134118,0.4621501533134118
VIC,15,hazardous_recycling_tonnes,cadmium_land_kg,15,-0.3069889623033572,0.3069889623033572
VIC,15,hazardous_recycling_tonnes,nickel_air_kg,15,0.05445724963395367,0.05445724963395367
VIC,15,hazardous_recycling_tonnes,nickel_water_kg,15,-0.3164273255105865,0.3164273255105865
VIC,15,hazardous_recycling_tonnes,nickel_land_kg,15,-0.30238723623934793,0.30238723623934793
VIC,15,hazardous_recycling_tonnes,chromium_air_kg,15,0.5406162338908288,0.5406162338908288
VIC,15,hazardous_recycling_tonnes,chromium_water_kg,15,-0.5498089663952545,0.5498089663952545
VIC,15,hazardous_recycling_tonnes,chromium_land_kg,15,-0.3145042847470842,0.3145042847470842
VIC,15,hazardous_recycling_tonnes,copper_air_kg,15,0.13204012335278945,0.13204012335278945
VIC,15,hazardous_recycling_tonnes,copper_water_kg,15,0.228174220995249,0.228174220995249
VIC,15,hazardous_recycling_tonnes,copper_land_kg,15,-0.31852808528820375,0.31852808528820375
VIC,15,hazardous_recycling_tonnes,zinc_air_kg,15,-0.16505497530825608,0.16505497530825608
VIC,15,hazardous_recycling_tonnes,zinc_water_kg,15,0.27215135895592313,0.27215135895592313
VIC,15,hazardous_recycling_tonnes,zinc_land_kg,15,-0.31604352394144725,0.31604352394144725
VIC,15,hazardous_recycling_tonnes,tvoc_air_kg,15,-0.4128822865733897,0.4128822865733897
VIC,15,hazardous_recycling_tonnes,tvoc_water_kg,15,,
VIC,15,hazardous_recycling_tonnes,tvoc_land_kg,15,,
VIC,15,hazardous_recycling_tonnes,pm10_air_kg,15,0.060750857842731175,0.060750857842731175
VIC,15,hazardous_recycling_tonnes,pm10_water_kg,15,,
VIC,15,hazardous_recycling_tonnes,pm10_land_kg,15,,
VIC,15,hazardous_recycling_tonnes,pm25_air_kg,15,-0.30551382089273504,0.30551382089273504
VIC,15,hazardous_recycling_tonnes,pm25_water_kg,15,,
VIC,15,hazardous_recycling_tonnes,pm25_land_kg,15,,
VIC,15,hazardous_disposal_tonnes,total_air_emission_kg,15,-0.7011616018380238,0.7011616018380238
VIC,15,hazardous_disposal_tonnes,total_water_emission_kg,15,0.6364108314972432,0.6364108314972432
VIC,15,hazardous_disposal_tonnes,total_land_emission_kg,15,0.3334431691042567,0.3334431691042567
VIC,15,hazardous_disposal_tonnes,lead_air_kg,15,-0.2755470989663091,0.2755470989663091
VIC,15,hazardous_disposal_tonnes,lead_water_kg,15,0.4708104357205643,0.4708104357205643
VIC,15,hazardous_disposal_tonnes,lead_land_kg,15,0.1881331035217123,0.1881331035217123
VIC,15,hazardous_disposal_tonnes,mercury_air_kg,15,0.010774441322370699,0.010774441322370699
VIC,15,hazardous_disposal_tonnes,mercury_water_kg,15,-0.08990752742950911,0.08990752742950911
VIC,15,hazardous_disposal_tonnes,mercury_land_kg,15,0.1822019181198914,0.1822019181198914
VIC,15,hazardous_disposal_tonnes,cadmium_air_kg,15,-0.024168515667139165,0.024168515667139165
VIC,15,hazardous_disposal_tonnes,cadmium_water_kg,15,-0.44023602465922346,0.44023602465922346
VIC,15,hazardous_disposal_tonnes,cadmium_land_kg,15,0.21095833603831302,0.21095833603831302
VIC,15,hazardous_disposal_tonnes,nickel_air_kg,15,-0.008274704742701167,0.008274704742701167
VIC,15,hazardous_disposal_tonnes,nickel_water_kg,15,-0.5610042711086953,0.5610042711086953
VIC,15,hazardous_disposal_tonnes,nickel_land_kg,15,0.20446117174855083,0.20446117174855083
VIC,15,hazardous_disposal_tonnes,chromium_air_kg,15,0.39434279991697563,0.39434279991697563
VIC,15,hazardous_disposal_tonnes,chromium_water_kg,15,-0.5976158295807357,0.5976158295807357
VIC,15,hazardous_disposal_tonnes,chromium_land_kg,15,0.19677304456511532,0.19677304456511532
VIC,15,hazardous_disposal_tonnes,copper_air_kg,15,-0.15066108270766265,0.15066108270766265
VIC,15,hazardous_disposal_tonnes,copper_water_kg,15,0.10871874784493607,0.10871874784493607
VIC,15,hazardous_disposal_tonnes,copper_land_kg,15,0.18355756304758353,0.18355756304758353
VIC,15,hazardous_disposal_tonnes,zinc_air_kg,15,-0.4108351785297089,0.4108351785297089
VIC,15,hazardous_disposal_tonnes,zinc_water_kg,15,0.02809529724219171,0.02809529724219171
VIC,15,hazardous_disposal_tonnes,zinc_land_kg,15,0.17334814204980198,0.17334814204980198
VIC,15,hazardous_disposal_tonnes,tvoc_air_kg,15,0.04732186986469681,0.04732186986469681
VIC,15,hazardous_disposal_tonnes,tvoc_water_kg,15,,
VIC,15,hazardous_disposal_tonnes,tvoc_land_kg,15,,
VIC,15,hazardous_disposal_tonnes,pm10_air_kg,15,-0.19481839556358166,0.19481839556358166
VIC,15,hazardous_disposal_tonnes,pm10_water_kg,15,,
VIC,15,hazardous_disposal_tonnes,pm10_land_kg,15,,
VIC,15,hazardous_disposal_tonnes,pm25_air_kg,15,-0.6779644350648937,0.6779644350648937
VIC,15,hazardous_disposal_tonnes,pm25_water_kg,15,,
VIC,15,hazardous_disposal_tonnes,pm25_land_kg,15,,
WA,15,ewaste_proxy_tonnes,total_air_emission_kg,15,0.8351104201282782,0.8351104201282782
WA,15,ewaste_proxy_tonnes,total_water_emission_kg,15,0.7525945283333703,0.7525945283333703
WA,15,ewaste_proxy_tonnes,total_land_emission_kg,15,0.7742245082305099,0.7742245082305099
WA,15,ewaste_proxy_tonnes,lead_air_kg,15,-0.33760773163840707,0.33760773163840707
WA,15,ewaste_proxy_tonnes,lead_water_kg,15,-0.3232710547134921,0.3232710547134921
WA,15,ewaste_proxy_tonnes,lead_land_kg,15,-0.35878586464527673,0.35878586464527673
WA,15,ewaste_proxy_tonnes,mercury_air_kg,15,-0.9145101549073625,0.9145101549073625
WA,15,ewaste_proxy_tonnes,mercury_water_kg,15,-0.6909167955052082,0.6909167955052082
WA,15,ewaste_proxy_tonnes,mercury_land_kg,15,-0.17098952655078195,0.17098952655078195
WA,15,ewaste_proxy_tonnes,cadmium_air_kg,15,-0.6314092194353358,0.6314092194353358
WA,15,ewaste_proxy_tonnes,cadmium_water_kg,15,-0.5708023923024165,0.5708023923024165
WA,15,ewaste_proxy_tonnes,cadmium_land_kg,15,-0.3505637643223058,0.3505637643223058
WA,15,ewaste_proxy_tonnes,nickel_air_kg,15,0.49361230143914697,0.49361230143914697
WA,15,ewaste_proxy_tonnes,nickel_water_kg,15,-0.612902509953795,0.612902509953795
WA,15,ewaste_proxy_tonnes,nickel_land_kg,15,0.5697001879225665,0.5697001879225665
WA,15,ewaste_proxy_tonnes,chromium_air_kg,15,0.5665914434938721,0.5665914434938721
WA,15,ewaste_proxy_tonnes,chromium_water_kg,15,0.2753236068054656,0.2753236068054656
WA,15,ewaste_proxy_tonnes,chromium_land_kg,15,-0.13660647243466106,0.13660647243466106
WA,15,ewaste_proxy_tonnes,copper_air_kg,15,0.8417254105379457,0.8417254105379457
WA,15,ewaste_proxy_tonnes,copper_water_kg,15,-0.2558148603395937,0.2558148603395937
WA,15,ewaste_proxy_tonnes,copper_land_kg,15,-0.1612198958841598,0.1612198958841598
WA,15,ewaste_proxy_tonnes,zinc_air_kg,15,0.27752366076240126,0.27752366076240126
WA,15,ewaste_proxy_tonnes,zinc_water_kg,15,0.13768173097494046,0.13768173097494046
WA,15,ewaste_proxy_tonnes,zinc_land_kg,15,-0.5556015672299098,0.5556015672299098
WA,15,ewaste_proxy_tonnes,tvoc_air_kg,15,0.8715014531797938,0.8715014531797938
WA,15,ewaste_proxy_tonnes,tvoc_water_kg,15,-0.38132727437903424,0.38132727437903424
WA,15,ewaste_proxy_tonnes,tvoc_land_kg,15,-0.38132727437903435,0.38132727437903435
WA,15,ewaste_proxy_tonnes,pm10_air_kg,15,0.8397710485598698,0.8397710485598698
WA,15,ewaste_proxy_tonnes,pm10_water_kg,15,,
WA,15,ewaste_proxy_tonnes,pm10_land_kg,15,,
WA,15,ewaste_proxy_tonnes,pm25_air_kg,15,0.40913919656304915,0.40913919656304915
WA,15,ewaste_proxy_tonnes,pm25_water_kg,15,,
WA,15,ewaste_proxy_tonnes,pm25_land_kg,15,,
WA,15,hazardous_recycling_tonnes,total_air_emission_kg,15,0.7427738118196958,0.7427738118196958
WA,15,hazardous_recycling_tonnes,total_water_emission_kg,15,0.4869358618749369,0.4869358618749369
WA,15,hazardous_recycling_tonnes,total_land_emission_kg,15,0.7342128022501536,0.7342128022501536
WA,15,hazardous_recycling_tonnes,lead_air_kg,15,-0.22984438257721093,0.22984438257721093
WA,15,hazardous_recycling_tonnes,lead_water_kg,15,-0.32898811177167514,0.32898811177167514
WA,15,hazardous_recycling_tonnes,lead_land_kg,15,-0.2951346103008223,0.2951346103008223
WA,15,hazardous_recycling_tonnes,mercury_air_kg,15,-0.7790579940352461,0.7790579940352461
WA,15,hazardous_recycling_tonnes,mercury_water_kg,15,-0.5710762382772803,0.5710762382772803
WA,15,hazardous_recycling_tonnes,mercury_land_kg,15,-0.1932903231925597,0.1932903231925597
WA,15,hazardous_recycling_tonnes,cadmium_air_kg,15,-0.409257174039795,0.409257174039795
WA,15,hazardous_recycling_tonnes,cadmium_water_kg,15,-0.3211889203339394,0.3211889203339394
WA,15,hazardous_recycling_tonnes,cadmium_land_kg,15,-0.10571341018666415,0.10571341018666415
WA,15,hazardous_recycling_tonnes,nickel_air_kg,15,0.3123329457292025,0.3123329457292025
WA,15,hazardous_recycling_tonnes,nickel_water_kg,15,-0.24160592551900187,0.24160592551900187
WA,15,hazardous_recycling_tonnes,nickel_land_kg,15,0.26777444738620826,0.26777444738620826
WA,15,hazardous_recycling_tonnes,chromium_air_kg,15,0.625703213525467,0.625703213525467
WA,15,hazardous_recycling_tonnes,chromium_water_kg,15,0.17298627410683426,0.17298627410683426
WA,15,hazardous_recycling_tonnes,chromium_land_kg,15,-0.04842456779603291,0.04842456779603291
WA,15,hazardous_recycling_tonnes,copper_air_kg,15,0.7077060718538505,0.7077060718538505
WA,15,hazardous_recycling_tonnes,copper_water_kg,15,-0.027041589186500122,0.027041589186500122
WA,15,hazardous_recycling_tonnes,copper_land_kg,15,-0.4227997042874864,0.4227997042874864
WA,15,hazardous_recycling_tonnes,zinc_air_kg,15,0.11900573487236021,0.11900573487236021
WA,15,hazardous_recycling_tonnes,zinc_water_kg,15,-0.006505923209249263,0.006505923209249263
WA,15,hazardous_recycling_tonnes,zinc_land_kg,15,-0.5098431747813494,0.5098431747813494
WA,15,hazardous_recycling_tonnes,tvoc_air_kg,15,0.5965845298037376,0.5965845298037376
WA,15,hazardous_recycling_tonnes,tvoc_water_kg,15,-0.3526082850419571,0.3526082850419571
WA,15,hazardous_recycling_tonnes,tvoc_land_kg,15,-0.3526082850419573,0.3526082850419573
WA,15,hazardous_recycling_tonnes,pm10_air_kg,15,0.7086764871428258,0.7086764871428258
WA,15,hazardous_recycling_tonnes,pm10_water_kg,15,,
WA,15,hazardous_recycling_tonnes,pm10_land_kg,15,,
WA,15,hazardous_recycling_tonnes,pm25_air_kg,15,0.21021078152831274,0.21021078152831274
WA,15,hazardous_recycling_tonnes,pm25_water_kg,15,,
WA,15,hazardous_recycling_tonnes,pm25_land_kg,15,,
WA,15,hazardous_disposal_tonnes,total_air_emission_kg,15,0.7819426015264371,0.7819426015264371
WA,15,hazardous_disposal_tonnes,total_water_emission_kg,15,0.84359782010291,0.84359782010291
WA,15,hazardous_disposal_tonnes,total_land_emission_kg,15,0.7081604779581008,0.7081604779581008
WA,15,hazardous_disposal_tonnes,lead_air_kg,15,-0.37719918573957983,0.37719918573957983
WA,15,hazardous_disposal_tonnes,lead_water_kg,15,-0.2812985667471669,0.2812985667471669
WA,15,hazardous_disposal_tonnes,lead_land_kg,15,-0.3549458238701733,0.3549458238701733
WA,15,hazardous_disposal_tonnes,mercury_air_kg,15,-0.8918130495737934,0.8918130495737934
WA,15,hazardous_disposal_tonnes,mercury_water_kg,15,-0.6842840853403053,0.6842840853403053
WA,15,hazardous_disposal_tonnes,mercury_land_kg,15,-0.12068635470534529,0.12068635470534529
WA,15,hazardous_disposal_tonnes,cadmium_air_kg,15,-0.70712904798671,0.70712904798671
WA,15,hazardous_disposal_tonnes,cadmium_water_kg,15,-0.6683163991283321,0.6683163991283321
WA,15,hazardous_disposal_tonnes,cadmium_land_kg,15,-0.4576912437512276,0.4576912437512276
WA,15,hazardous_disposal_tonnes,nickel_air_kg,15,0.5461409212110441,0.5461409212110441
WA,15,hazardous_disposal_tonnes,nickel_water_kg,15,-0.7730568603948427,0.7730568603948427
WA,15,hazardous_disposal_tonnes,nickel_land_kg,15,0.7024513842871797,0.7024513842871797
WA,15,hazardous_disposal_tonnes,chromium_air_kg,15,0.46282594935493915,0.46282594935493915
WA,15,hazardous_disposal_tonnes,chromium_water_kg,15,0.30990943967969176,0.30990943967969176
WA,15,hazardous_disposal_tonnes,chromium_land_kg,15,-0.17378945541611163,0.17378945541611163
WA,15,hazardous_disposal_tonnes,copper_air_kg,15,0.8192664343284195,0.8192664343284195
WA,15,hazardous_disposal_tonnes,copper_water_kg,15,-0.36610313870733463,0.36610313870733463
WA,15,hazardous_disposal_tonnes,copper_land_kg,15,0.024681085908556017,0.024681085908556017
WA,15,hazardous_disposal_tonnes,zinc_air_kg,15,0.3338969073833548,0.3338969073833548
WA,15,hazardous_disposal_tonnes,zinc_water_kg,15,0.20196300505006154,0.20196300505006154
WA,15,hazardous_disposal_tonnes,zinc_land_kg,15,-0.5165224996781991,0.5165224996781991
WA,15,hazardous_disposal_tonnes,tvoc_air_kg,15,0.9517350772434333,0.9517350772434333
WA,15,hazardous_disposal_tonnes,tvoc_water_kg,15,-0.3538345861159554,0.3538345861159554
WA,15,hazardous_disposal_tonnes,tvoc_land_kg,15,-0.3538345861159554,0.3538345861159554
WA,15,hazardous_disposal_tonnes,pm10_air_kg,15,0.8128987903546193,0.8128987903546193
WA,15,hazardous_disposal_tonnes,pm10_water_kg,15,,
WA,15,hazardous_disposal_tonnes,pm10_land_kg,15,,
WA,15,hazardous_disposal_tonnes,pm25_air_kg,15,0.48321469996850236,0.48321469996850236
WA,15,hazardous_disposal_tonnes,pm25_water_kg,15,,
WA,15,hazardous_disposal_tonnes,pm25_land_kg,15,,
