original_fault_type,brand,age,problem,fault_type
Microphone,Apple,unknown_age,Mobile - Mic problem - Tried cardboard hack and failed,Other damage
Other,Samsung,unknown_age,Mobile - Configuration problem -,Other damage
Unknown,Samsung,unknown_age,Mobile - -,Other damage
Speaker/amplifier,Apple,unknown_age,Mobile - No sound output -,Other damage
Power/battery,Samsung,unknown_age,Mobile - Gets no power -,Battery issues
Stuck booting,Samsung,unknown_age,Mobile - Won't boot -,Other damage
On/Off button,Apple,unknown_age,Mobile - Switch problem -,Other damage
Other,Samsung,unknown_age,Mobile - Bricked -,Other damage
Power/battery,Apple,unknown_age,Mobile - No power -,Battery
Power/battery,Samsung,unknown_age,Mobile - Battery issue -,Battery issues
Power/battery,Samsung,unknown_age,Mobile - No power -,Battery issues
Software update,Samsung,unknown_age,Mobile - Bricked -,Other damage
Screen,Apple,unknown_age,Mobile - Screen issue - Not enough time,Screen damage
Sim card slot,Apple,unknown_age,Mobile - No SIM card recognition -,Other damage
Stuck booting,Samsung,unknown_age,Mobile - Won't boot - Not enough time,Other damage
Software update,Samsung,unknown_age,Mobile - Firmware issue -,Other damage
Screen,Apple,unknown_age,Mobile - Screen issue - needs a new part,Screen damage
Screen,Apple,unknown_age,Mobile - screen issue - Spare part needed,Screen damage
Screen,Samsung,unknown_age,"Smashed screen, doesn't switch on",Display issues
Software update,Samsung,unknown_age,"Switches on, but can't launch programmes",Other damage
Power/battery,Apple,unknown_age,Turn off after a few minutes,Battery
Screen,Samsung,unknown_age,Mobile - Screen issue - Referred to professional,Display issues
Other buttons,Samsung,unknown_age,Mobile - Home button - Needs more work,Other damage
On/Off button,Apple,unknown_age,Mobile - Home button/Power switch - Needs spare part - DIY ready,Battery
Camera,Samsung,unknown_age,Mobile - Lens smashed - Self-fix,Rear Camera Issues
USB/charging port,Samsung,unknown_age,Mobile - USB port - Referred to professional,Charge port issue
Stuck booting,Samsung,unknown_age,Mobile - Bootloop - Referred to professional,Other damage
Screen,Apple,unknown_age,Mobile - Screen issue -,Screen damage
Stuck booting,Samsung,unknown_age,Mobile - Won't boot -,Other damage
Screen,Apple,unknown_age,Mobile - Screen issue -,Screen damage
Screen,Apple,unknown_age,Mobile - Screen issue -,Screen damage
Screen,Apple,unknown_age,Mobile - Screen issue - Self repair,Screen damage
Other buttons,Apple,unknown_age,"Home button is stuck. Neeeds to go to shop, button mislodged after screen repair",Screen damage
Screen,Samsung,unknown_age,Broken screen,Display issues
Power/battery,Apple,unknown_age,Mobile - Battery dead -,Battery
Screen,Apple,unknown_age,replacement screen/display is missing,Screen damage
Screen,Apple,unknown_age,replacement screen/display is missing,Screen damage
Other,Apple,unknown_age,Mobile - Water damaged -,Other damage
Performance,Samsung,unknown_age,Mobile - Running slow -,Other damage
Screen,Samsung,unknown_age,Screen broken,Display issues
Screen,Apple,unknown_age,Condensation underneath screen,Screen damage
Screen,Apple,unknown_age,Poor battery ilfe and screen cracked,Screen damage
Other buttons,Apple,unknown_age,Mobile - Broken home button -,Other damage
On/Off button,Samsung,unknown_age,Mobile - Power button? -,Battery issues
Screen,Apple,unknown_age,Mobile - Screen issue -,Screen damage
Other,Samsung,unknown_age,"Got wet, won't switch on. Photos saved, half fixed.",Other damage
Speaker/amplifier,Samsung,unknown_age,Can't hear calls. Can't be fixed.,Other damage
Screen,Apple,unknown_age,screen broken,Screen damage
Screen,Apple,unknown_age,back and front screen,Screen damage
Screen,Apple,unknown_age,screen broken,Screen damage
Screen,Apple,unknown_age,broken screen,Screen damage
Screen,Apple,unknown_age,Mobile - Screen issue -,Screen damage
Headphone jack,Apple,unknown_age,Mobile - Earphone jack -,Other damage
Microphone,Apple,unknown_age,Mobile - Mic problem -,Other damage
Power/battery,Samsung,unknown_age,"Doesn't charge, doesn't switch on. Needs new battery.",Battery issues
Screen,Apple,unknown_age,Speaker crackly and broken screen.,Screen damage
Charger,Apple,unknown_age,"Charger, loose connection.",Other damage
Unknown,Apple,unknown_age,Dropped - no sign of life. (Was actually ok),Other damage
Power/battery,Samsung,unknown_age,Keeps cutting out. Didn't need SD card.,Battery issues
Unknown,Apple,unknown_age,Locked,Other damage
Speaker/amplifier,Apple,unknown_age,Speaker not working - referred to Lovefone,Other damage
Screen,Apple,unknown_age,Spare screen purchased by the person before they came but it wasn't the right one for this phone. Advised them to come back to another party.,Screen damage
Screen,Apple,unknown_age,Person came to party with cracked screen. Restarter told them they needed to buy a screen. They went away and got one and after some time trying to fit it the Restarter said it was the wrong screen.,Screen damage
Screen,Samsung,unknown_age,Screen cracked,Display issues
Screen,Apple,unknown_age,"Failed screen replacement, not clear why. Referred to Lovefone",Screen damage
Power/battery,Apple,unknown_age,Needs new battery,Battery
Software update,Apple,unknown_age,Needs software update.,Other damage
Screen,Samsung,unknown_age,screen to find on the internet,Display issues
Other,Samsung,unknown_age,Motherboard? - Dead mobile,Other damage
Unknown,Apple,unknown_age,Needed back-up before repair,Other damage
On/Off button,Apple,unknown_age,defective power button. elegible for Apple recall,Battery
Software update,Samsung,unknown_age,shuts down. reset to factory settings,Other damage
Camera,Apple,unknown_age,"dust in the camera. advised to ask Apple to do it free of charge, as not due to usage",Rear camera damage
Power/battery,Apple,unknown_age,battery problems. helped her understand that her constant use of Spotify and bluetooth is the main problem,Battery
Camera,Samsung,unknown_age,"camera doesn't focus consistently. it's 6 month old from Argos, explained warranty repair",Rear Camera Issues
USB/charging port,Samsung,unknown_age,Bad micro USB port,Charge port issue
Unknown,Apple,unknown_age,Advised on purchasing part,Other damage
Camera,Apple,unknown_age,Crack in the camera,Rear camera damage
Help/configuration,Samsung,unknown_age,it was in Spanish,Other damage
Screen,Apple,unknown_age,Screen repair,Screen damage
Screen,Apple,unknown_age,Screen repair,Screen damage
Screen,Apple,unknown_age,Screen repair,Screen damage
Screen,Apple,unknown_age,Screen repair,Screen damage
Screen,Apple,unknown_age,Screen repair,Screen damage
Screen,Apple,unknown_age,Screen repair,Screen damage
Screen,Apple,unknown_age,Screen repair,Screen damage
Screen,Apple,unknown_age,Screen repair,Screen damage
Screen,Apple,unknown_age,Screen repair,Screen damage
USB/charging port,Samsung,unknown_age,"Micro USB damaged, needed replacing. DIY",Charge port issue
Software update,Apple,unknown_age,Incomplete update. Owner wanted to backup before reset.,Other damage
Screen,Samsung,unknown_age,Broken screen,Display issues
Microphone,Samsung,unknown_age,Mic not working.,Other damage
Power/battery,Apple,unknown_age,Battery replacement,Battery
Sim card slot,Apple,unknown_age,"Sim reader faulty, tried to resolder it.",Other damage
USB/charging port,Apple,unknown_age,"Not charging, battery replaced",Battery
Screen,Apple,unknown_age,Screen repair,Screen damage
Screen,Apple,unknown_age,Screen repair,Screen damage
Screen,Apple,unknown_age,Screen repair,Screen damage
Screen,Apple,unknown_age,Screen repair,Screen damage
Screen,Apple,unknown_age,Screen repair,Screen damage
Screen,Apple,unknown_age,Screen repair,Screen damage
Screen,Apple,unknown_age,Screen repair,Screen damage
Screen,Apple,unknown_age,Screen repair,Screen damage
Screen,Apple,unknown_age,Screen repair,Screen damage
Screen,Apple,unknown_age,Screen replacement - full LCD assembly,Screen damage
Screen,Apple,unknown_age,Screen repair,Screen damage
Screen,Apple,unknown_age,Screen repair,Screen damage
Screen,Apple,unknown_age,Screen repair,Screen damage
Screen,Apple,unknown_age,cracked screen,Screen damage
Screen,Samsung,unknown_age,"cracked glass, screen otherwise ok. helped with sourcing spare part",Display issues
Camera,Apple,unknown_age,camera dirty,Rear camera damage
Screen,Samsung,unknown_age,screen goes black - impossible to replicate the issue,Display issues
Speaker/amplifier,Apple,unknown_age,"speaker doesn't work. changed speaker cable, all sorted",Other damage
Software update,Samsung,unknown_age,it blocks one specific contact. we suggested running a factory reset after backing up the phone,Other damage
Screen,Apple,unknown_age,cracked screen,Screen damage
Power/battery,Samsung,unknown_age,doesn't switch on,Battery issues
On/Off button,Apple,unknown_age,Iphone button on and off not working,Other damage
Screen,Apple,unknown_age,Screen replaced,Screen damage
Other,Apple,unknown_age,Vibrator replaced,Other damage
Screen,Apple,unknown_age,Screen replaced,Screen damage
Screen,Apple,unknown_age,Screen replaced,Screen damage
Screen,Apple,unknown_age,Screen replaced,Screen damage
Unknown,Samsung,unknown_age,Samsung,Other damage
USB/charging port,Apple,unknown_age,Broken charging port,Other damage
On/Off button,Apple,unknown_age,Power button not working,Battery
Screen,Apple,unknown_age,Cracked screen,Screen damage
On/Off button,Samsung,unknown_age,Power button does not work. Repair would require expensive spare part,Battery issues
Storage problem,Apple,unknown_age,Memory/storage problem,Other damage
Screen,Samsung,unknown_age,Smashed screen,Display issues
Power/battery,Samsung,unknown_age,Not getting power,Battery issues
Storage problem,Samsung,unknown_age,Storage problem,Other damage
Screen,Apple,unknown_age,Cracked LCD but appears to need a new battery,Screen damage
Screen,Samsung,unknown_age,Faulty screen?,Display issues
Power/battery,Samsung,unknown_age,The battery had been nicked!,Battery issues
Other,Samsung,unknown_age,Stuck in flight mode,Other damage
Unknown,Samsung,unknown_age,Not working,Other damage
Help/configuration,Apple,unknown_age,Needed help changing parts,Other damage
Unknown,Samsung,unknown_age,"smart phone, keeps turning off, next time",Other damage
On/Off button,Apple,unknown_age,a on/off button not working,Other damage
Software update,Samsung,unknown_age,Needs a TURP recovery install,Other damage
Screen,Apple,unknown_age,Fuzzy screen,Screen damage
Other,Samsung,unknown_age,Flight mode and IMEI number missing - recommend to contact manufacturer,Other damage
Power/battery,Apple,unknown_age,Battery problem?,Battery
Other buttons,Apple,unknown_age,Lock button,Other damage
Screen,Samsung,unknown_age,"Screen broken, spare part deemed to expensive by owner",Display issues
Screen,Apple,unknown_age,Screen replacement,Screen damage
Screen,Apple,unknown_age,Screen replacement,Screen damage
Screen,Apple,unknown_age,Screen replacement,Screen damage
Screen,Apple,unknown_age,Screen replacement,Screen damage
Screen,Apple,unknown_age,Screen replacement,Screen damage
Screen,Apple,unknown_age,Screen replacement,Screen damage
Screen,Apple,unknown_age,Screen replacement,Screen damage
Screen,Apple,unknown_age,Screen replacement,Screen damage
Screen,Apple,unknown_age,Screen replacement,Screen damage
Screen,Apple,unknown_age,Screen replacement,Screen damage
Screen,Apple,unknown_age,Screen replacement,Screen damage
Screen,Apple,unknown_age,"Cracked screen, needs new one fitted. Not enough time, advice given",Screen damage
Screen,Apple,unknown_age,"Cracked screen, needs new one fitted. Not enough time, advice given",Screen damage
Help/configuration,Samsung,unknown_age,On flight mode constantly. Advice given.,Other damage
Power/battery,Apple,unknown_age,"Not charging - needs a new battery, diagnosed",Battery
Screen,Apple,unknown_age,Screen cracked - deemed beyond repair,Screen damage
Screen,Apple,unknown_age,Buttons and screen,Screen damage
Power/battery,Samsung,unknown_age,Not hold a charge - new battery needed,Battery issues
Power/battery,Samsung,unknown_age,Not turning on and not ringing,Battery issues
Unknown,Apple,unknown_age,Does not turn on,Other damage
Unknown,Samsung,unknown_age,Doesn't charge,Other damage
Performance,Samsung,unknown_age,Very slow. Fixed,Other damage
Screen,Apple,unknown_age,cracked screen,Screen damage
Screen,Apple,unknown_age,cracked screen,Screen damage
Screen,Apple,unknown_age,cracked screen,Screen damage
Power/battery,Apple,unknown_age,"Battery replaced, after a poor battery replacement",Battery
Screen,Apple,unknown_age,Glass replaced,Screen damage
Help/configuration,Samsung,unknown_age,Needs advice on connecting phone to PC. Got advice.,Other damage
Software update,Samsung,unknown_age,Update - advice given,Other damage
Screen,Apple,unknown_age,broken screen,Screen damage
Power/battery,Apple,unknown_age,Battery needs replacing - not applicable,Battery
Screen,Apple,unknown_age,Cracked screen,Screen damage
Screen,Apple,unknown_age,Cracked screen,Screen damage
Screen,Apple,unknown_age,Cracked screen,Screen damage
Screen,Apple,unknown_age,Cracked screen,Screen damage
Screen,Apple,unknown_age,Cracked screen,Screen damage
Screen,Apple,unknown_age,Cracked screen,Screen damage
Power/battery,Apple,unknown_age,Battery,Battery
Power/battery,Apple,unknown_age,Doesn't charge,Battery
Unknown,Apple,unknown_age,Bug,Other damage
Power/battery,Apple,unknown_age,Switches off,Battery
Screen,Samsung,unknown_age,Problem with the touchscreen. There is documented solution to this involving disconnecting the LCD from the circuit board,Display issues
Power/battery,Apple,unknown_age,dead battery,Battery
Microphone,Apple,unknown_age,Bad mic connection,Other damage
Screen,Samsung,unknown_age,Change screen,Display issues
Other buttons,Apple,unknown_age,Button does not work,Other damage
Screen,Samsung,unknown_age,Broken screen,Display issues
Speaker/amplifier,Apple,unknown_age,Sound does not work,Other damage
Power/battery,Apple,unknown_age,Battery swap- screw stuck,Battery
Power/battery,Samsung,unknown_age,Doesn't switch on - dead battery,Battery issues
Unknown,Samsung,unknown_age,0.15kg,Other damage
Unknown,Samsung,unknown_age,0.2kg,Other damage
Storage problem,Samsung,unknown_age,Running slow - advice give,Other damage
Software update,Apple,unknown_age,Running slow,Other damage
Other,Samsung,unknown_age,"No power - further work needed. Recommend to sell for parts, water damage",Battery issues
USB/charging port,Samsung,unknown_age,Screen goes black/blank (intermittent fault). USB cover fixed and advice given,Charge port issue
Power/battery,Samsung,unknown_age,Slow and freezes. May need battery replaced.,Battery issues
Speaker/amplifier,Apple,unknown_age,Sound issues - new speaker needed,Other damage
Screen,Apple,unknown_age,screen replacement,Screen damage
Screen,Apple,unknown_age,Cracked screen,Screen damage
Screen,Apple,unknown_age,Cracked screen,Screen damage
Screen,Apple,unknown_age,Cracked screen,Screen damage
Screen,Apple,unknown_age,Cracked screen,Screen damage
Power/battery,Apple,unknown_age,Battery,Battery
Unknown,Apple,unknown_age,Not turning on,Other damage
Unknown,Samsung,unknown_age,0.2kg,Other damage
Software issue,Apple,unknown_age,Crashing,Other damage
Screen,Apple,unknown_age,Cracked screen,Screen damage
Power/battery,Apple,unknown_age,Battery,Battery
Power/battery,Samsung,unknown_age,Does not power on,Battery issues
Screen,Apple,unknown_age,Screen needs replacing,Screen damage
Power/battery,Apple,unknown_age,Battery needs changing.,Battery
Other buttons,Apple,unknown_age,Home button doesn't work.,Other damage
Screen,Apple,unknown_age,Broken screen,Screen damage
Charger,Apple,unknown_age,iPhone charger,Other damage
Screen,Apple,unknown_age,Cracked screen,Screen damage
Screen,Apple,unknown_age,Cracked screen,Screen damage
Screen,Apple,unknown_age,Cracked screen,Screen damage
Screen,Apple,unknown_age,Cracked screen,Screen damage
Screen,Apple,unknown_age,Cracked screen,Screen damage
Screen,Apple,unknown_age,Cracked screen,Screen damage
Power/battery,Apple,unknown_age,Battery,Battery
Screen,Apple,unknown_age,Cracked screen,Screen damage
Screen,Apple,unknown_age,iPhone - broken screen,Screen damage
Power/battery,Apple,unknown_age,iPhone - needed battery change (also needed spare battery),Battery
Unknown,Apple,unknown_age,doesn't work ~ unknown,Other damage
Screen,Apple,unknown_age,"Cracked screen - fixable, but needs spare parts",Screen damage
Other buttons,Apple,unknown_age,Home button broken - cleaned but needs replacing,Other damage
Other,Apple,unknown_age,water damage - advice on recovering photos,Other damage
Screen,Samsung,unknown_age,No display - needs new screen,Display issues
Storage problem,Samsung,unknown_age,Full - how to free space. Advice given,Other damage
Help/configuration,Apple,1,unfamiliar with settings ~ age,Other damage
Software update,Samsung,1,Software challenge,Other damage
Screen,Samsung,2,Screen does not work,Display issues
Other,Apple,unknown_age,Water damage,Other damage
Other buttons,Apple,unknown_age,Button does not work,Other damage
Sim card slot,Samsung,unknown_age,Not recognizing SIM,Other damage
Screen,Samsung,unknown_age,Not working the lower part of the touch screen,Display issues
Power/battery,Samsung,unknown_age,doesn't work ~ battery empty,Battery issues
Help/configuration,Apple,1,difficulty with settings ~ digitally ill,Other damage
Screen,Apple,unknown_age,Screen too dark. Fixed (needs new parts).,Screen damage
Screen,Apple,unknown_age,Cracked screen,Screen damage
Screen,Apple,unknown_age,Cracked screen,Screen damage
Screen,Apple,unknown_age,Cracked screen,Screen damage
Screen,Apple,unknown_age,Cracked screen and home button,Screen damage
Screen,Apple,unknown_age,Cracked screen and blurry camera,Screen damage
Screen,Apple,unknown_age,Cracked screen,Screen damage
Screen,Apple,unknown_age,Cracked screen,Screen damage
Screen,Apple,unknown_age,"Cracked screen, damaged home button",Screen damage
Other,Apple,unknown_age,"Asks for iTunes only. Advice given, hopefully DIY ready",Other damage
Screen,Apple,unknown_age,Broken screen,Screen damage
Screen,Apple,unknown_age,Broken screen,Screen damage
Screen,Apple,unknown_age,Broken screen & damaged home button,Screen damage
Screen,Apple,unknown_age,Broken screen,Screen damage
Screen,Apple,unknown_age,Broken screen,Screen damage
Screen,Apple,unknown_age,Broken screen,Screen damage
Screen,Apple,unknown_age,Broken screen,Screen damage
Screen,Apple,unknown_age,Screen Replacement,Screen damage
Screen,Apple,unknown_age,Screen Replacement,Screen damage
Screen,Apple,unknown_age,Screen Replacement,Screen damage
Screen,Apple,unknown_age,Screen Replacement,Screen damage
Screen,Apple,unknown_age,Screen Replacement (x2 - Needed to be replaced twice - faulty replacement unit?),Screen damage
Other buttons,Apple,unknown_age,Home Button Replacement,Other damage
Screen,Apple,unknown_age,Screen Replacement,Screen damage
Screen,Apple,unknown_age,Screen Replacement,Screen damage
Screen,Apple,unknown_age,Screen Replacement,Screen damage
Screen,Apple,unknown_age,Screen Replacement,Screen damage
Screen,Apple,unknown_age,Screen Replacement,Screen damage
Screen,Apple,unknown_age,Broken screen,Screen damage
Screen,Apple,unknown_age,Broken screen,Screen damage
Screen,Apple,unknown_age,Broken screen,Screen damage
Screen,Apple,unknown_age,Broken screen,Screen damage
Screen,Apple,unknown_age,Broken screen,Screen damage
Screen,Apple,unknown_age,Broken screen,Screen damage
Power/battery,Apple,unknown_age,Battery replacement,Battery
Screen,Apple,unknown_age,Broken screen,Screen damage
Screen,Apple,unknown_age,Broken screen,Screen damage
Screen,Apple,unknown_age,Broken screen,Screen damage
Screen,Apple,unknown_age,Broken screen,Screen damage
Screen,Apple,unknown_age,Broken screen,Screen damage
Screen,Apple,unknown_age,Broken screen,Screen damage
Screen,Apple,unknown_age,Broken screen,Screen damage
Screen,Apple,unknown_age,Broken screen,Screen damage
Screen,Apple,unknown_age,Screen Replacement,Screen damage
Screen,Apple,unknown_age,Screen Replacement (x2),Screen damage
Screen,Apple,unknown_age,Screen Replacement,Screen damage
Other buttons,Apple,unknown_age,Home Button Replacement,Other damage
Screen,Apple,unknown_age,Screen Replacement,Screen damage
USB/charging port,Apple,unknown_age,Charging Port Replacement,Other damage
Screen,Apple,unknown_age,Screen Replacement,Screen damage
Screen,Apple,unknown_age,Screen Replacement,Screen damage
Screen,Apple,unknown_age,Screen Replacement,Screen damage
Screen,Apple,unknown_age,Screen Replacement,Screen damage
Speaker/amplifier,Apple,unknown_age,Does not give a sound,Other damage
Screen,Apple,unknown_age,Change screen,Screen damage
Screen,Samsung,unknown_age,"Screen damage after drop. Tested by connecting to laptop, phone is ok just needs new screen",Display issues
Software update,Samsung,unknown_age,F-Droid installation & Clean Up device,Other damage
Camera,Samsung,unknown_age,Mobile phone with massive zoom camera. Lots of dismantling & testing. Maybe get clone and swap parts?,Rear Camera Issues
Screen,Apple,1,Screen is black ~ No idea,Screen damage
Other,Apple,unknown_age,Inconsistent WiFi,Other damage
Other,Apple,3,Dod had bitten on it,Other damage
Power/battery,Samsung,unknown_age,battery? phone no longer turns on.,Battery issues
Screen,Apple,unknown_age,"Screen temperamental. Half fixed, will continue to work on it at home.",Screen damage
Screen,Samsung,unknown_age,Broken display,Display issues
Other,Apple,unknown_age,changed flat cable,Other damage
Screen,Apple,unknown_age,changed dispay,Screen damage
Screen,Apple,unknown_age,iPhone screen and motherboard. No fix - advice given (too costly to repair),Screen damage
Screen,Apple,unknown_age,iPhone 5c - Screen Repaired,Screen damage
USB/charging port,Apple,unknown_age,iPhone 5 - Replaced Charging Port,Other damage
Speaker/amplifier,Apple,unknown_age,iPhone 5SE - Speaker to be Replaced - No replacement parts available,Other damage
Screen,Apple,unknown_age,iPhone 5 - Screen Replaced,Screen damage
USB/charging port,Apple,unknown_age,iPhone 5c - Charging Port Replaced,Other damage
USB/charging port,Apple,unknown_age,iPhone 6 - Charging Port dirty/blocked - cleaned out,Other damage
Liquid damage,Apple,unknown_age,Two defective devices were turned into one that worked. A white model had water damage and a silver model had a screen damage. The result was an iPhone with a silver casing and a white home button.,Screen damage
USB/charging port,Samsung,unknown_age,Loose charger connector.,Charge port issue
Screen,Samsung,17,glass broken ~ falling,Display issues
Unknown,Apple,unknown_age,The back falls off,Other damage
Other,Apple,unknown_age,Humidity problem,Other damage
Unknown,Apple,unknown_age,Humidity problem,Other damage
Other,Apple,unknown_age,Humidity problem,Other damage
Unknown,Apple,unknown_age,Humidity problem,Other damage
Screen,Samsung,unknown_age,It had a display damage. The repair failed because the old display was removed. Maybe you should try again.,Display issues
Screen,Samsung,unknown_age,"intermittent screen flicker, short battery life",Battery issues
Power/battery,Samsung,unknown_age,Doesn't turn on,Battery issues
On/Off button,Apple,unknown_age,Power botton doesn't work,Battery
Screen,Apple,unknown_age,Broken screen. The owner had the spare part so we placed it.,Screen damage
Software issue,Samsung,unknown_age,Unable to install Airwatch ~ ??,Other damage
On/Off button,Apple,unknown_age,On-off switch stuck. Not fixable.,Other damage
Software update,Apple,unknown_age,OS issue (slow),Other damage
Power/battery,Apple,1,"Bad battery, please order a new battery. ~ Unknown",Battery
Storage problem,Samsung,unknown_age,Unable to create memory space by deleting data.,Other damage
Volume buttons,Apple,unknown_age,Silence button not working. Owner will come to a future event once part ordered.,Other damage
Screen,Apple,unknown_age,"Broken screen, replaced with new LCD",Screen damage
Screen,Apple,unknown_age,cracked screen,Screen damage
Screen,Apple,unknown_age,"Cracked screen, under warranty, sent to Apple store",Screen damage
Screen,Apple,unknown_age,"Cracked screen, new LCD",Screen damage
Screen,Apple,unknown_age,"Cracked screen, new LCD",Screen damage
Other buttons,Apple,unknown_age,"Home button not working, vibration not working. Replaced both components",Other damage
Screen,Apple,unknown_age,"Cracked screen, new LCD",Screen damage
Unknown,Apple,unknown_age,Student purchased new phone before repair could be completed,Other damage
Unknown,Samsung,unknown_age,"Parts too expensive, referred to professional",Other damage
Screen,Apple,unknown_age,cracked screen,Screen damage
Screen,Apple,unknown_age,cracked screen,Screen damage
Unknown,Apple,unknown_age,Hardware problem,Other damage
Power/battery,Samsung,unknown_age,loosing charge,Battery issues
Unknown,Apple,unknown_age,Not working,Other damage
Power/battery,Samsung,unknown_age,No Power,Battery issues
Power/battery,Samsung,unknown_age,instable power,Battery issues
Help/configuration,Apple,4,Check settings ~ Unknown,Other damage
Help/configuration,Apple,unknown_age,don't know how to update ~ lack of knowledge,Other damage
Speaker/amplifier,Apple,unknown_age,Can't hear incoming voice,Other damage
Power/battery,Samsung,2,Battery not charging ~ Loose battery,Battery issues
Software issue,Samsung,4,weather program did not work and date is incorrect ~ no internet connection,Other damage
Internal damage,Samsung,1,motherboard is broken,Other damage
Stuck booting,Samsung,unknown_age,Turns on but freezes,Other damage
Screen,Apple,unknown_age,Broken screen.,Screen damage
Unknown,Apple,unknown_age,possibly repairable but beyond the capabilities of our team,Other damage
On/Off button,Apple,unknown_age,"doesn't turn on, on off switch gone",Other damage
Power/battery,Samsung,unknown_age,doesn't switch on. Battery dead,Battery issues
Power/battery,Apple,unknown_age,dead battery,Battery
Screen,Apple,unknown_age,cracked LCD,Screen damage
Screen,Apple,unknown_age,cracked LCD,Screen damage
Screen,Apple,unknown_age,cracked LCD,Screen damage
Screen,Apple,unknown_age,cracked LCD,Screen damage
Power/battery,Apple,unknown_age,dead battery,Battery
Screen,Apple,unknown_age,cracked LCD,Screen damage
Screen,Apple,unknown_age,cracked LCD,Screen damage
Screen,Apple,unknown_age,Repair too challenging due to waterproof seal (didn't have adhesive remover to open phone). Referred to Apple,Screen damage
Other,Apple,unknown_age,Repair too challenging due to waterproof seal (didn't have adhesive remover to open phone). Referred to Apple,Other damage
Help/configuration,Samsung,4,No sound on messages,Other damage
Other,Apple,unknown_age,iPhone 6. Water damage,Other damage
Other,Apple,unknown_age,password forgotten. Apple id needed. owner will contact apple to resolve.,Other damage
Software update,Samsung,unknown_age,password forgotten. factory reset bit malicious apps preventing use.,Other damage
Unknown,Apple,1,1 year old.,Other damage
Unknown,Samsung,4,No result.,Other damage
Screen,Apple,unknown_age,Replaced cracked LCD,Screen damage
Screen,Apple,unknown_age,Replaced cracked LCD,Screen damage
Screen,Apple,unknown_age,Replaced cracked LCD,Screen damage
Screen,Apple,unknown_age,Replaced cracked LCD,Screen damage
Screen,Apple,unknown_age,Replaced cracked LCD & home button,Screen damage
Screen,Apple,unknown_age,Replaced cracked LCD,Screen damage
Screen,Apple,unknown_age,Replaced cracked LCD,Screen damage
Screen,Apple,unknown_age,Replaced cracked LCD,Screen damage
Storage problem,Apple,unknown_age,couldn't retrieve photos,Other damage
Camera,Apple,unknown_age,rear camera not working. re-connected,Rear camera damage
Power/battery,Apple,unknown_age,battery losing charge quickly. new battery needed,Battery
Other,Samsung,unknown_age,asked for setting optimization for security and performance.,Other damage
Help/configuration,Apple,unknown_age,make a backup,Other damage
Screen,Apple,unknown_age,Replaced cracked LCD,Screen damage
Screen,Apple,unknown_age,Replaced cracked LCD,Screen damage
Other,Apple,unknown_age,"Water damage throughout, repair not possible",Other damage
Screen,Apple,unknown_age,Replaced cracked LCD,Screen damage
Screen,Apple,unknown_age,"Referred to Apple store, screen too difficult to open without adhesive remover or heat gun",Screen damage
Screen,Apple,unknown_age,Replaced cracked LCD,Screen damage
Unknown,Apple,unknown_age,"part not in stock, unable to repair. Sent student to Apple",Other damage
Screen,Apple,unknown_age,Replaced cracked LCD,Screen damage
Power/battery,Apple,8,The battery is old and drains quickly ~ Old battery,Battery
Unknown,Apple,unknown_age,defect ~ known,Other damage
Power/battery,Apple,unknown_age,advice given - battery,Battery
Screen,Samsung,unknown_age,broken screen,Display issues
Help/configuration,Apple,2,help with institutions,Other damage
Screen,Apple,unknown_age,replaced cracked LCD,Screen damage
Screen,Apple,unknown_age,replaced cracked LCD,Screen damage
Screen,Apple,unknown_age,replaced cracked LCD,Screen damage
Screen,Apple,unknown_age,replaced cracked LCD,Screen damage
Screen,Apple,unknown_age,replaced cracked LCD,Screen damage
Screen,Apple,unknown_age,replaced cracked LCD,Screen damage
Screen,Apple,unknown_age,replaced cracked LCD and microphone,Screen damage
Screen,Apple,unknown_age,replaced cracked LCD,Screen damage
Unknown,Apple,unknown_age,Part too expensive & device under warranty. referred to Apple,Other damage
Unknown,Apple,unknown_age,"intermittent volume issues, referred to apple. No identifiable hardware issue",Other damage
Screen,Apple,unknown_age,replaced cracked LCD,Screen damage
Screen,Apple,unknown_age,cracked LCD replaced,Screen damage
Other buttons,Apple,unknown_age,"The home button now only responds when pressed very hard. However, since the entire button assembly probably has to be replaced and special tools are required to open and disassemble it, we unfortunately had to pass considering the time had already passed. It is better to plan around two hours for such demanding repair work on such highly integrated and sensitive electronics. With a short message in advance, the right tool can also be organized in good time. The visitor now thinks about whether he should buy a spare part and come back with the phone to one of the next appointments.",Other damage
Software update,samsung,unknown_age,not working; reset,Other damage
Screen,Apple,unknown_age,screen and home button broken,Screen damage
Power/battery,Apple,8,battery drains quickly ~ old age,Battery
Power/battery,Apple,unknown_age,Battery replacement using iFixit battery replacement kit,Battery
USB/charging port,Apple,unknown_age,No charge.  Cleaned points.,Other damage
Camera,Samsung,unknown_age,"The camera lens had cracked and had ruined numerous photos for the owner. She had already gotten a replacement. We helped her disassemble the phone according to instructions from the internet, remove the old lens and glue in the new one. This required a lot of patience and sensitivity, as the adhesive surface had to be slowly heated with a hairdryer to soften the adhesive and the lens then had to be carefully lifted off. You should always allow a little more time for such delicate repairs.",Rear Camera Issues
Unknown,Apple,unknown_age,"2017-10-31 Mark also had a go at Jan's iPhone problem, but no solution could be found",Other damage
Software update,Apple,unknown_age,Was freezing on app,Other damage
Screen,Apple,unknown_age,Screen too dark,Screen damage
Help/configuration,Apple,unknown_age,Not recognising ID,Other damage
Help/configuration,Samsung,4,Have data transferred from Microsoft to Samsung ~ Unknown,Other damage
Software issue,Samsung,1,remains on home screen,Display issues
USB/charging port,Samsung,4,Charging connection --> bent pin ~ Plug connected incorrectly,Charge port issue
Screen,Apple,unknown_age,Flickering screen,Screen damage
Screen,Samsung,unknown_age,Order screen,Display issues
Other,Apple,2,Water damage,Other damage
Power/battery,Apple,unknown_age,Battery drains really fast,Battery
Headphone jack,Apple,unknown_age,Fire wire as a headphone connection not working,Other damage
Software update,Apple,unknown_age,Crashes - fixed with software cleanup and making space,Other damage
Screen,Samsung,unknown_age,Broken screen - to order spare parts,Display issues
Other buttons,Apple,unknown_age,Menu button does not work - to order spare parts,Other damage
Other,Apple,unknown_age,Water damage- got wet over one month ago no instantaneous drying process,Other damage
Software update,Apple,unknown_age,Not functioning well - needed data cleanup and software updates,Other damage
On/Off button,Samsung,unknown_age,Power button not working. Temporary fix.,Battery issues
Other,Samsung,unknown_age,broken keyboard connector,Other damage
Screen,Apple,unknown_age,replaced LCD,Screen damage
Power/battery,Apple,unknown_age,replaced battery,Battery
Screen,Apple,unknown_age,"cracked LCD replaced, home button replaced, camera replaced",Screen damage
Screen,Apple,unknown_age,cracked LCD replaced,Screen damage
Screen,Apple,unknown_age,cracked LCD replaced,Screen damage
Screen,Apple,unknown_age,"broken screen, but part was't available",Screen damage
Screen,Apple,unknown_age,cracked LCD replaced,Screen damage
Screen,Apple,unknown_age,cracked LCD replaced,Screen damage
Screen,Apple,unknown_age,cracked LCD replaced,Screen damage
Screen,Apple,unknown_age,cracked LCD replaced,Screen damage
Screen,Apple,unknown_age,cracked LCD replaced,Screen damage
Software update,Apple,unknown_age,software issue resolved with reset,Other damage
Screen,Apple,unknown_age,replaced cracked screen and fixed boot loop,Screen damage
Screen,Apple,unknown_age,cracked LCD replaced,Screen damage
Screen,Apple,unknown_age,cracked LCD replaced,Screen damage
Screen,Apple,unknown_age,replaced LCD,Screen damage
Screen,Apple,unknown_age,replaced LCD,Screen damage
Screen,Apple,unknown_age,replaced LCD,Screen damage
Screen,Apple,unknown_age,replaced LCD,Screen damage
Screen,Apple,unknown_age,replaced LCD,Screen damage
Screen,Apple,unknown_age,replaced LCD & home button,Screen damage
Screen,Apple,unknown_age,replaced LCD & home button,Screen damage
Power/battery,Apple,unknown_age,Doesn't work anymore,Battery
Help/configuration,Samsung,3,Scan ~ Setting,Other damage
Power/battery,Apple,unknown_age,not loading,Battery
Screen,Samsung,4,"Broken screen, we opened the phone up and removed the screen.  Next time participants can come with the spare parts; new screen and put it in.",Display issues
Screen,Apple,2,Broken screen - spare part available,Screen damage
Screen,Samsung,2,Broken screen,Display issues
Screen,Samsung,2,Broken screen,Display issues
Screen,Samsung,1,Broken screen,Display issues
Screen,Samsung,1,Broken screen,Display issues
Liquid damage,Apple,3,Network not responding ~ Fallen into water,Other damage
Power/battery,Apple,unknown_age,Does not switch on.,Battery
Storage problem,Samsung,2,Overloaded,Other damage
Power/battery,Samsung,unknown_age,Not turning on,Battery issues
Help/configuration,Apple,unknown_age,Won't download,Other damage
Camera,Apple,unknown_age,"No light, photo issue",Rear camera damage
Power/battery,Apple,unknown_age,"The display on the iPhone 3 had taken off. The reason for this was the built-in battery, which was quite bloated and needs to be replaced. Then the device will return to its original shape.",Screen damage
Power/battery,Samsung,unknown_age,"A battery from the phone also had to be disposed of properly. This no longer showed any tension and had already bloated significantly. For this reason, the phone did not show any function and did not charge the battery. But with a new replacement battery it should work again soon.",Battery issues
Microphone,Apple,unknown_age,replaced LCD & microphones,Other damage
Screen,Apple,unknown_age,replaced LCD & microphones,Screen damage
Screen,Apple,unknown_age,replaced LCD & microphones,Screen damage
Help/configuration,Samsung,6,falls back into login mode,Other damage
Screen,Samsung,unknown_age,"Had one of those daft curved-glass screens, smashed of course. The user did not bring any replacement parts, so was referred to a professional service.",Display issues
Power/battery,Apple,1,Change battery,Battery
Other,Apple,1,Bent phone,Other damage
Volume buttons,Apple,4,Sound button broken,Other damage
Unknown,Samsung,1,Explanation ~ Unknown,Other damage
Power/battery,Apple,6,does not turn on anymore ~ ​​possible battery problem,Battery
Screen,Apple,unknown_age,Cracked screen,Screen damage
Screen,Samsung,2,Broken screen,Display issues
Power/battery,Apple,2,does not power on - battery,Battery
USB/charging port,Apple,2,"Not charging - the charging port was dirty, a clean fixed the problem.",Other damage
USB/charging port,Apple,3,Needs new lightning USB port - sent to store,Other damage
Screen,Samsung,1,Screen cracked. surge and advice (new samsung screen can be replaced easily).,Display issues
Storage problem,Samsung,unknown_age,Fault by SD card,Other damage
Power/battery,Apple,unknown_age,"A new battery has been installed, but the device no longer works. ~ Battery defective and replaced by the customer himself",Battery
Power/battery,Apple,unknown_age,"After replacing the battery some time ago, the smartphone vehemently refused to charge the new battery. In any case, nothing happened when we plugged in the power supply and the charging indicator remained at its low level. All contacts, connectors and cables seemed to be OK, so we ultimately didn't know what to do next.",Battery
Liquid damage,Apple,8,water damage,Other damage
Software update,Samsung,3,"Software issue causing updates from being installed.  Couldn't find permanent fix, recommended updating OS to Lineage",Other damage
Power/battery,Samsung,unknown_age,Charging takes ages,Battery issues
Power/battery,Samsung,unknown_age,"Problem: Won't charge.  Diagnosis:  It was charging 20 mA, which looked like it was fully charged and trickle charging. It wasn’t recognised by a laptop (nothing appeared on the USB) so it was not a case of it being switched on with a dead screen. We tried all the Android resetting key combinations we could find with no effect. Accessing the battery requires taking out the (broken) screen and a mid plate. The phone is under warranty but Samsung refused to repair it under warranty as the screen is broken on the sides and would shatter when opening the phone.  Owner was going to check with Lovephone.",Battery issues
Power/battery,Samsung,4,Needed a battery replacement. No heatgun at this event.,Battery issues
Storage problem,Apple,1,Full memory,Other damage
Screen,Samsung,3,Smashed screen,Display issues
Screen,Samsung,1,Nothing showing on screen (dropped),Display issues
Power/battery,Samsung,unknown_age,Won't turn on,Battery issues
Screen,Apple,3,cracked screen,Screen damage
Screen,Apple,2,cracked screen,Screen damage
Software issue,Samsung,unknown_age,"A symbol remains on the display, which means that someone has called. It doesn't want to go away.",Display issues
Other buttons,Apple,3,Button broken.  Advice given.,Other damage
Screen,Apple,3,Blroken screen,Screen damage
Power/battery,Apple,unknown_age,Low battery,Battery
Screen,Apple,unknown_age,cracked screen,Screen damage
Screen,Apple,unknown_age,cracked screen,Screen damage
USB/charging port,Apple,unknown_age,charging problems,Other damage
Screen,Apple,unknown_age,cracked screen,Screen damage
Screen,Apple,unknown_age,cracked screen,Screen damage
USB/charging port,Apple,unknown_age,USB + battery,Battery
Power/battery,Apple,unknown_age,charging problems,Battery
Screen,Apple,unknown_age,cracked screen,Screen damage
Power/battery,Apple,unknown_age,Battery,Battery
Screen,Apple,unknown_age,cracked screen,Screen damage
Power/battery,Apple,unknown_age,battery replacement,Battery
Power/battery,Apple,unknown_age,Battery,Battery
Screen,Apple,unknown_age,screen,Screen damage
Power/battery,Apple,unknown_age,battery,Battery
Screen,Apple,unknown_age,cracked screen,Screen damage
Screen,Apple,unknown_age,small crack on screen,Screen damage
Power/battery,Apple,unknown_age,battery,Battery
Power/battery,Apple,unknown_age,battery,Battery
Storage problem,Apple,unknown_age,storage - help given,Other damage
Screen,Apple,unknown_age,cracked screen,Screen damage
Power/battery,Apple,unknown_age,battery,Battery
Screen,Apple,unknown_age,cracked screen - no part available,Screen damage
Screen,Apple,unknown_age,cracked screen and slow -no part available,Screen damage
Speaker/amplifier,Apple,unknown_age,Speaker unaudible works in whatsapp Voice but no video not' swatchaft/ call,Other damage
Screen,Apple,unknown_age,cracked screen - touch problems,Screen damage
Screen,Samsung,unknown_age,cracked screen,Display issues
Screen,Apple,unknown_age,Edge cracked screen - No part available,Screen damage
USB/charging port,Samsung,unknown_age,Charge port failing - No part available,Charge port issue
Screen,Apple,unknown_age,scuffed screen,Screen damage
Screen,Samsung,unknown_age,cracked screen - no part available,Display issues
Screen,Apple,unknown_age,cracked screen,Screen damage
Other buttons,Apple,unknown_age,lock button problem - no part available,Other damage
Screen,Apple,unknown_age,cracked screen,Screen damage
Other,Apple,unknown_age,water damage,Other damage
Screen,Apple,unknown_age,cracked screen,Screen damage
Stuck booting,Apple,unknown_age,Power/boot,Battery
Screen,Apple,unknown_age,Broken screen,Screen damage
Other,Samsung,3,sea water damage,Other damage
Power/battery,Samsung,5,swollen battery,Battery issues
Help/configuration,Apple,5,Network disorder,Other damage
Screen,Apple,3,needs new screen (waiting for spare part),Screen damage
Power/battery,Apple,3,irregular charging,Battery
Power/battery,Samsung,4,Not switch on.,Battery issues
Power/battery,Samsung,unknown_age,does not turn on,Battery issues
Screen,Samsung,2,Broken scrren,Display issues
Screen,Apple,4,Broken screen/battery,Screen damage
Screen,Apple,2,Broken screen,Screen damage
Stuck booting,Samsung,8,"Charges, but does't start",Other damage
Power/battery,Apple,5,Doesn't charge,Battery
Volume buttons,Apple,5,Volume button,Other damage
Other,Samsung,1,SD card not working.  Card found to be faulty.  Phone OK,Other damage
Screen,Apple,unknown_age,screen replaced but now not working. Also repairer did not replace any screws! Might be repairable but no easy fault found upon inspection.,Screen damage
Stuck booting,Samsung,3,Stuck in boot mode,Other damage
Screen,Apple,unknown_age,Needs screws after DIY screen replacement went slightly wrong.,Screen damage
Screen,Samsung,unknown_age,Cracked screen,Display issues
Power/battery,Samsung,6,Doesn't charge,Battery issues
Power/battery,Samsung,unknown_age,needs new battery,Battery issues
Screen,Apple,unknown_age,"screen, could also be logicboard",Screen damage
Other buttons,Apple,4,Broken home button. Fixed in software,Other damage
Screen,Apple,unknown_age,"frame dislocated, glass defective ~ protective edge loose",Screen damage
Screen,Samsung,5,Does not turn on.  Screen damaged,Display issues
Power/battery,Apple,3,Does not charge plus other damage,Battery
Software update,Apple,2,Wants to put it back to factory settings,Other damage
Other buttons,Apple,3,"Home button issues, ""freezes"" sometimes",Other damage
Speaker/amplifier,Apple,4,Weak/bad sound from speaker,Other damage
Speaker/amplifier,Apple,2,Sound issues,Other damage
Camera,Apple,2,Both cameras won't work after fall; guests suggests replacing hardware - no physical damage found. Suggest factory reset.,Rear camera damage
Screen,Apple,2,Cracked digitiser; LCD ok touch ok - request new screen assembly,Screen damage
Screen,Samsung,1,Cracked digitiser; LCD ok touch ok - request new screen assembly,Display issues
Screen,Apple,2,Cracked digitiser; LCD ok touch ok - request new screen assembly,Screen damage
Screen,Apple,2,Cracked digitiser; LCD ok touch ok - replaced screen assembly,Screen damage
Screen,Apple,2,"Rear camera won't focus; Cracked digitiser; LCD ok touch ok - 1) go to Apple Store for free repair program, 2) request new screen assembly",Screen damage
USB/charging port,Apple,3,Phone won't charge - removed dirt from charging port,Battery
Screen,Apple,3,"Cracked digitiser; LCD ok touch ok - request new screen assembly; silence button stuck - cleaned, works again",Screen damage
Screen,Apple,4,"Display coming off, battery health low - request new screen assembly and battery",Screen damage
Other,Apple,3,"Water damage, phone won't boot; corrosion found on board - suggest data recovery",Other damage
Screen,Apple,1,Cracked digitiser; LCD ok touch ok - request new screen assembly,Screen damage
Other buttons,Apple,2,"Home button doesn't work, no press or touch id - guest wants to preserve touch ID, suggest to go to Apple",Screen damage
Screen,Apple,4,"Cracked digitiser; LCD ok touch ok, battery health low - request new screen assembly and battery",Screen damage
Camera,Apple,2,Cracked lens cover - request new lens cover,Rear camera damage
Liquid damage,Samsung,2,"Device won't connect via USB, dropped in sea water - request new I/O daughterboard and battery",Battery issues
Screen,Apple,2,Cracked digitiser; LCD ok touch ok - request new screen assembly,Screen damage
Screen,Apple,3,Cracked digitiser; LCD ok touch ok - request new screen assembly,Screen damage
Screen,Samsung,2,Cracked digitiser; LCD ok touch ok - request new screen assembly,Display issues
Screen,Apple,3,"pink screen, runs hot and shuts off. Factory reset needed.",Screen damage
Other,Apple,unknown_age,"dropped in toilet, not working",Other damage
Screen,Samsung,unknown_age,broken display,Display issues
Help/configuration,Samsung,unknown_age,Advice ~ Advice,Other damage
Other buttons,Apple,unknown_age,"Home button broken - kit not available to fix, suggested local professional.",Other damage
Help/configuration,Samsung,unknown_age,time/date wrong,Other damage
Screen,Apple,4,Broken Screen - Screen Replaced and Phone Restored,Screen damage
Screen,Apple,6,Broken Screen - Replaced and Phone Repaired,Screen damage
Screen,Apple,3,Broken screen and bad battery,Screen damage
Help/configuration,Samsung,unknown_age,time/date wrong,Other damage
Other buttons,Apple,5,Slow home-button,Other damage
Sim card slot,Samsung,2,Doesn't work + sim card,Other damage
Headphone jack,Apple,1,plug for earphones broken,Other damage
Power/battery,Apple,4,Turns off even when fully charged,Battery
Other,Samsung,1,Change back cover,Backglass cracked
Power/battery,Apple,3,"Won't charge, loose screen",Screen damage
Headphone jack,Samsung,2,minijack street,Other damage
Unknown,Apple,3,Won't turn on,Other damage
Screen,Apple,3,"""Dead"" screen",Screen damage
Screen,Samsung,3,Broken screen,Display issues
Power/battery,Apple,4,Battery poor,Battery
Screen,Apple,6,Broken glass and back,Screen damage
Other,Samsung,unknown_age,Had been exposed to water and wanted to check for water damage,Other damage
Other buttons,Apple,2,"Home button and Touch ID not working; cracked screen 2 years ago, LCD and touch OK",Screen damage
Screen,Apple,1,"Cracked Screen, Touch and LCD ok",Screen damage
Screen,Apple,2,"Cracked Screen, battery dying fast",Screen damage
Screen,Apple,2,"Cracked Screen, Touch and LCD ok",Screen damage
Software update,Apple,2,"Phone runs slow; changed battery 1 month ago but doesn't help, 4Gb of storage left from 64",Battery
Power/battery,Apple,4,Battery and Screen Assembly Replacement,Screen damage
Screen,Apple,4,Screen assembly bracket missing,Screen damage
USB/charging port,Apple,2,"Charging port blocked; water evaporation signs in front-facing camera (potential water damage); no other symptoms . Dirt in charging point, dust in camera channel",Rear camera damage
Screen,Apple,1,Cracked digitiser,Screen damage
Screen,Apple,unknown_age,"Cracked digitiser, low battery health",Screen damage
Screen,Apple,2,Cracked digitser,Screen damage
Unknown,Apple,unknown_age,No idea ~ Can't send messages,Other damage
Stuck booting,Samsung,4,Doesn't work anymore,Other damage
Power/battery,Samsung,5,"power problem, advice given",Battery issues
Screen,Apple,5,screen,Screen damage
Screen,Apple,unknown_age,LCD glass defect ~ screen damaged,Screen damage
Power/battery,Samsung,4,"Fell into water, battery dead. Just replace the battery.",Battery issues
Software update,Samsung,unknown_age,Screen going on and off.  Fixed by turning off the screen saver.,Display issues
Speaker/amplifier,Apple,unknown_age,speakers not working,Other damage
Other buttons,Apple,3,home button doesn't wake ~ home button doesn't work,Other damage
Speaker/amplifier,Apple,4,doesn't work anymore,Other damage
Power/battery,Apple,unknown_age,doesn't charge,Battery
Help/configuration,Samsung,unknown_age,Setting ~ Screen locked,Display issues
USB/charging port,Apple,2,"No longer works, charging socket is defective",Other damage
Screen,Samsung,5,Broken screen on one device ~ Transfer screen from one phone to another,Display issues
Screen,Apple,2,Touch screen not working properly,Screen damage
Stuck booting,Samsung,7,Boot loop,Other damage
Screen,Apple,unknown_age,Screen broken,Screen damage
Screen,Apple,unknown_age,Screen broken and battery too old,Screen damage
Screen,Apple,4,broken screen,Screen damage
Screen,Samsung,2,Displaywechsel,Display issues
Power/battery,Samsung,unknown_age,Not always staying on - needs new battery,Battery issues
Speaker/amplifier,Apple,unknown_age,Facetime not working - volume issue,Other damage
Unknown,Apple,5,won't turn on,Other damage
Screen,Samsung,2,Broken screen and replacement digitzer,Display issues
Screen,Samsung,2,Broken screen,Display issues
Screen,Apple,3,Broken glass,Screen damage
Power/battery,Apple,5,Looks like overheated battery,Battery
Software issue,Apple,unknown_age,Software,Other damage
Power/battery,Samsung,unknown_age,Akku defekt,Battery issues
Power/battery,Apple,unknown_age,Replacement Battery needed,Battery
Other buttons,Samsung,unknown_age,Home Button not working,Other damage
Camera,Apple,unknown_age,Front Camera Not Working,Rear camera damage
Screen,Apple,unknown_age,Broken Screen,Screen damage
Screen,Apple,unknown_age,Needs new screen,Screen damage
Screen,Apple,2,Screen broken,Screen damage
Screen,Apple,4,needs new screen,Screen damage
Screen,Apple,3,Screen broken,Screen damage
Screen,Apple,2,screen separating from casing,Screen damage
Software issue,Samsung,unknown_age,"An elderly lady visited us with a Samsung Galaxy smartphone that no longer wanted to obey her will. After we updated the operating system on the device and reset the data connection, everything worked to your satisfaction again.",Other damage
Software issue,Samsung,unknown_age,"An elderly lady visited us with a Samsung Galaxy smartphone that no longer wanted to obey her will. After we updated the operating system on the device and reset the data connection, everything worked to your satisfaction again.",Other damage
Screen,Apple,6,Broken screen,Screen damage
Screen,Apple,3,Screen not working properly,Screen damage
Microphone,Apple,4,Microphone not working,Other damage
Screen,Apple,2,broken screen,Screen damage
Screen,Apple,2,broken screen,Screen damage
Screen,Samsung,3,Broken screen,Display issues
Other,Samsung,1,Back glass broken. Had an offer to change for 370€,Backglass cracked
Unknown,Apple,4,does not open,Other damage
Power/battery,Samsung,7,"overheats /malfunctions, battery bulging, needs new battery",Battery issues
Unknown,Apple,7,"3 Phones, cannabilised parts into 1",Other damage
Speaker/amplifier,Apple,unknown_age,Audio volume poor; New speaker needed,Other damage
Screen,Apple,unknown_age,Screen Broken; Replacement installed,Screen damage
Screen,Apple,4,Broken screen. Swapped button and camera,Screen damage
Camera,Apple,2,Broken camera lens,Rear camera damage
Screen,Apple,3,Cracked digitiser; LCD ok,Screen damage
Screen,Apple,2,Digitiser unresponsive; ghost touch,Screen damage
Screen,Apple,unknown_age,Cracked screen assembly,Screen damage
Software issue,Apple,2,iTunes won't detect,Other damage
Camera,Apple,unknown_age,Cracked back cover and camera lens,Back glass damage
Power/battery,Apple,unknown_age,check battery,Battery
Screen,Apple,unknown_age,Screen cracked,Screen damage
Screen,Samsung,3,screen not working right. Fixed screen (loose connector) but broke power button,Battery issues
Power/battery,Apple,unknown_age,Battery old,Battery
Power/battery,Apple,unknown_age,Akku defekt,Battery
Screen,Apple,unknown_age,Display replacement,Screen damage
Power/battery,Apple,7,Dead battery. Needs replacement and specialized screwdrivers.,Battery
Screen,Samsung,4,Cracked screen. Could be replace with a spare.,Display issues
Help/configuration,Samsung,8,data via SIM ~ advice on data transfer,Other damage
Screen,Apple,4,Cracked screen assembly,Screen damage
Screen,Apple,unknown_age,Cracked screen assembly,Screen damage
Screen,Apple,3,"Gassing battery, cracked screen, broken camera lens",Screen damage
Screen,Apple,2,Ghost touch on digitiser,Screen damage
Screen,Apple,unknown_age,"Cracked screen, end-of-life battery",Screen damage
Unknown,Apple,2,Nothing is wrong during diagnosis,Other damage
Screen,Apple,3,Strips on display - previous repair shop opened it and lost some screws and a bracket in between,Screen damage
Other,Apple,unknown_age,Water damage,Other damage
Screen,Samsung,2,Damaged LCD,Display issues
Power/battery,Samsung,4,Likely short circuit in charging port or IO board - needs new battery and charging port,Battery issues
Screen,Apple,3,Broken screen,Screen damage
Screen,Apple,2,Broken screen,Screen damage
Screen,Apple,4,Broken screen,Screen damage
Screen,Apple,4,Broken screen,Screen damage
Other,Samsung,9,Loose wire from former repair,Other damage
Other,Samsung,9,Loose wire from former repair,Other damage
Screen,Apple,5,Broken screen and button,Screen damage
Screen,Apple,2,Replaced broken screen.,Screen damage
Screen,Apple,4,Screen Replacement,Screen damage
Screen,Apple,unknown_age,Screen Broken,Screen damage
Power/battery,Apple,unknown_age,Battery Fails @ 40%,Battery
Power/battery,Apple,unknown_age,Battery Needs Replacing,Battery
Screen,Samsung,unknown_age,Broken screen ~ Broken screen,Display issues
Liquid damage,Samsung,3,moisture problem ~ dropped phone into water,Other damage
Screen,Apple,3,Screen cracked.  Replacement screen fitted.,Screen damage
Screen,Samsung,unknown_age,"A visitor wanted to replace the cracked display glass on her Samsung “Galaxy J5” smartphone with us, but in the end this turned out to be too time-consuming and impractical. She ultimately decided to replace the entire display unit and now wants to order the necessary spare part by the next date.",Display issues
Screen,Apple,3,Cracked screen assembly + camera lens; needs new battery,Screen damage
Screen,Apple,3,Cracked screen assembly,Screen damage
Screen,Samsung,2,"No display on the screen, light at the bottom - need to research more on the issue",Display issues
Screen,Samsung,unknown_age,Screen blacked out after physical impact,Display issues
Other,Apple,1,Cracjed rear case glass,Other damage
Screen,Apple,7,Cracked screen assembly,Screen damage
Unknown,Samsung,unknown_age,no longer works,Other damage
Screen,Apple,unknown_age,display assembly replacement,Screen damage
USB/charging port,Apple,unknown_age,needed new charging port and screen,Screen damage
Help/configuration,Samsung,unknown_age,remove photos,Other damage
Help/configuration,Samsung,unknown_age,please set up properly and install apps,Other damage
Screen,Samsung,unknown_age,Screen broken; Replacement needed,Display issues
Screen,Samsung,unknown_age,Screen Locked,Display issues
Screen,Apple,unknown_age,Screen Broken; Replacement Needed,Screen damage
USB/charging port,Samsung,unknown_age,Charging Port not working; Replacement Unit needed,Charge port issue
Power/battery,Samsung,unknown_age,phone gets hot,Battery issues
Power/battery,Apple,unknown_age,Battery needs replacing ~ Battery needs replacing,Battery
Power/battery,Apple,unknown_age,Battery needs replacing ~ Battery issue,Battery
Screen,Apple,4,Snapped display assembly flex,Screen damage
Screen,Apple,3,Cracked digitiser; LCD flex cable shows sign of torn damage,Screen damage
Screen,Apple,4,Cracked digitiser,Screen damage
Headphone jack,Samsung,1,Headphone jack clogged by dust; cleaned thoroughly,Other damage
USB/charging port,Samsung,1,Charger port not detected; faulty USB cable,Charge port issue
Camera,Apple,unknown_age,Camera OIS failure,Rear camera damage
Microphone,Samsung,unknown_age,"The smartphone's microphone just hissed. Fortunately, it is located on the cable for the headphone jack and can be replaced individually.",Other damage
Power/battery,Apple,unknown_age,Glue the battery in place,Battery
Screen,Apple,unknown_age,Broken screen,Screen damage
Screen,Apple,unknown_age,"No display even if device is detected (on wifi, bluetooth)",Screen damage
Camera,Apple,unknown_age,Photo camera problem,Rear camera damage
Power/battery,Apple,unknown_age,Battery won't charge,Battery
Headphone jack,Apple,unknown_age,Jack port not working,Other damage
Screen,Apple,unknown_age,Screen replacement,Screen damage
Screen,Apple,unknown_age,Broken screen,Screen damage
Power/battery,Apple,unknown_age,Swolen battery,Battery
Unknown,Apple,2,n.a.,Other damage
Power/battery,Apple,2,Akkuwechsel,Battery
Screen,Apple,4,Screen assembly replacement,Screen damage
Screen,Apple,3,Screen assembly replacement,Screen damage
Screen,Apple,2,Cracked digitiser; screen assembly replacement requested,Screen damage
Other,Apple,2,Extreme water damage after being put in a washing machine - data can be recovered,Other damage
Power/battery,Apple,4,Battery replacement,Battery
Sim card slot,Apple,3,Bad contact with sim card,Other damage
USB/charging port,Apple,5,Charging socket and battery replaced,Battery
Screen,Samsung,unknown_age,no screen ~ no screen,Display issues
Power/battery,Apple,unknown_age,"Needed a new battery. But after replacing the battery, the phone stopped working (even using the old battery). It looks like a mistake was made during the repair (possible short circuit). The phone was repaired after the event by replacing the display and vibration motor.",Screen damage
Power/battery,Samsung,2,Doesn't turn on. Could be a battery issue.  Recommended to try a new battery and then if no joy take it to professional repairer.,Battery issues
Power/battery,Apple,4,Replace battery ~ Battery worn out,Battery
Power/battery,Apple,unknown_age,Needs new battery ~ Battery needs replacing,Battery
Power/battery,Apple,unknown_age,The battery had already been changed before without calibrating it. Note on how to do this,Battery
Unknown,Apple,7,"Dead. Checked battery, that seemed OK (at least not working when powered by power cube).",Battery
Screen,Samsung,unknown_age,Display split,Display issues
Software issue,Samsung,unknown_age,The smartphone did not work properly. When unlocked it sometimes reboots. We recommended backing up your data and resetting the device to factory settings.,Other damage
Headphone jack,Samsung,unknown_age,Replace jack plug,Other damage
Charger,Samsung,unknown_age,"Doesn't charge well - dodgy cable, so advised to replace",Other damage
Screen,Samsung,2,screen broken ~ screen broken,Display issues
Power/battery,Apple,3,phone broken ~ phone won't turn on,Battery
Power/battery,Samsung,4,not starting /responding,Battery issues
Screen,Samsung,unknown_age,Broken screen,Display issues
Storage problem,Samsung,1,Unable to get pictures from sim to memory card,Other damage
Other,Apple,6,bended motherboard,Other damage
Power/battery,Apple,unknown_age,broken screen and recharge circuit not working,Screen damage
Camera,Samsung,4,broken camera lens,Rear Camera Issues
Unknown,Apple,7,wires loose,Other damage
Screen,Apple,unknown_age,Display glass broken. A new display is required. Shop recommended for repairs,Screen damage
Screen,Samsung,unknown_age,Display torn and therefore no operation possible.,Display issues
Microphone,Samsung,4,The Galaxy J3 smartphone had problems with the microphone. We recommended that the guest get a new microphone so we can help him repair it.,Other damage
Screen,Apple,unknown_age,Broken Screen,Screen damage
Speaker/amplifier,Apple,unknown_age,Audio Problem,Other damage
Screen,Samsung,unknown_age,Broken screen.,Display issues
Microphone,Samsung,unknown_age,difficulty with new technology ~ WhatsApp not working,Other damage
Camera,Samsung,unknown_age,Camera connector loose,Rear Camera Issues
USB/charging port,Apple,unknown_age,Reinforced with shrink tubing to prevent cable breakage,Other damage
Screen,Samsung,unknown_age,Broken Screen,Display issues
Power/battery,Apple,unknown_age,Battery Needed Replacing,Battery
Screen,Apple,unknown_age,Cracked Screen; Needed Replacement,Screen damage
Screen,Samsung,unknown_age,Screen Needs Replacing,Display issues
Screen,Apple,unknown_age,Screen Broken; To be replaced,Screen damage
USB/charging port,Apple,unknown_age,Charging Port Faulty; Replaced,Other damage
USB/charging port,Apple,unknown_age,Charging Port Also Faulty; Replaced,Other damage
Screen,Samsung,unknown_age,Faulty Screen; Needs Replacing,Display issues
Power/battery,Apple,unknown_age,Broken - fitted with new power cable and off switch realigned,Battery
Unknown,Samsung,unknown_age,not working,Other damage
Power/battery,Samsung,4,Won't charge ~ Keeps cutting out,Battery issues
Screen,Samsung,unknown_age,screen cracked and back light not working,Display issues
Screen,Samsung,unknown_age,Display replacement,Display issues
Storage problem,Apple,4,"iMessages could not get send and a generally bad reception. Turned out her mobile data was turned off and the storage on the phone was reaching an end. It works for now, more questions are fixed in the future.",Other damage
Screen,Apple,unknown_age,"Cracked screen from being dropped twice. Replacement module already purchased. Supplied tools inadequate to complete repair. The owner will return to complete repair when tools available. Update: This has now been fixed successfully after several more visits and ordering spare parts. A 3rd party screen £17.70 and a spare set of screws £2 to replace a lost screw. A good value repair as the secondhand resell value on this phone is currently £350. The instructions on iFixt were incomplete about the replacement of the two rubber buffer/grommets that are attached to the two pentalobe screws. And also there was some difficulty replacing the adhesive tape for gluing down the screen. In the future, it may be necessary to apply the adhesive before attaching the cables for the new screen as the cables get in the way. Because of issues with the adhesive this repair may not be as waterproof as the original phone. if the battery needs to be replaced due to having low capacity it is advised that it be done at the same time but the old battery was considered sufficient capacity and not replaced on this occasion. ooo-xxx",Screen damage
Microphone,Apple,3,Microphone not working,Other damage
Screen,Apple,5,Screen & Battery Replacements,Screen damage
Screen,Apple,unknown_age,Screen Replacement,Screen damage
Unknown,Apple,unknown_age,Not Working,Other damage
Power/battery,Apple,unknown_age,"Not starting properly.  Battery faulty, replacement needed.  User referred to local business.",Battery
Screen,Samsung,unknown_age,Screen broken.  User advised on getting replacement,Display issues
Speaker/amplifier,Apple,unknown_age,Speakers don't work.  Found to be full of crud.  Cleaned.  Works.,Other damage
Volume buttons,Samsung,unknown_age,Loud quiet buttons defective,Other damage
Screen,Apple,unknown_age,screen cracked,Screen damage
Screen,Samsung,1,"Screen broken ~ Stains on screen, now no image",Display issues
Camera,Apple,3,rear camera shaking profusely - repaired before (screen replacement). Outside of apple's repair program,Screen damage
Screen,Samsung,2,Cracked screen. Ordered new screen,Display issues
Screen,Apple,4,Screen cracked. Ordered new screen.,Screen damage
Screen,Apple,4,Screen cracked. Ordered new screen.,Screen damage
Charger,Samsung,unknown_age,"Device does not start. Loaded for 20 minutes for testing, device is ok. The charging cable is probably defective.",Other damage
Screen,Samsung,2,Broken screen. Replacement screen was probably broken.,Display issues
Storage problem,Samsung,7,"eMMC memory defective, device very slow. Owner had supplied a replacement mainboard. After the exchange everything worked except the camera. He does a FW update at home and comes back if the camera doesn't work.",Rear Camera Issues
Screen,Apple,unknown_age,Broken Screen; Antenna Connection broken,Screen damage
Power/battery,Samsung,5,doesn't charge,Battery issues
Unknown,Samsung,5,"not working, unknown",Other damage
Unknown,Samsung,7,"not working, unknown",Other damage
Unknown,Samsung,5,"not working, unknown",Other damage
Unknown,Samsung,7,"not working, unknown",Other damage
USB/charging port,Samsung,5,Not charging,Charge port issue
USB/charging port,Samsung,5,not charging,Charge port issue
Power/battery,Apple,5,Battery change,Battery
USB/charging port,Apple,5,Foreign object in charging port,Other damage
Unknown,Apple,4,Won't turn on,Other damage
Other,Samsung,4,Doesn't remember security code,Other damage
Other,Apple,5,Needs help with backup,Other damage
Other,Apple,5,iPhone 6 presents with reported water damage. Owner says they opened it up themselves to try to dry it up and did not turn it on thereafter.Found water damage on motherboard - requires microsoldering. Referred to professional,Other damage
Screen,Apple,5,iPhone 6 with cracked digitiser. Replaced. Touch ID non functional. Replaced digitiser,Screen damage
Camera,Apple,3,"iPhone 6s Plus with unstable, shaky camera. Came for camera replacement. Camera replaced. Back to normal functionality. Might have cracked the screen while opening up the device",Screen damage
Screen,Samsung,2,Cracked digitiser. Replaced screen.,Display issues
Other,Apple,8,"iPhone 4S (black) with damaged (possible water damage) front-facing camera and home button. The led light is also permanently lit dimly draining the battery even when the phone is switched off. A spare iPhone4S (white) with an iCloud locked logic board was used for spare parts. The logic board from both phones were removed and swapped over, thus two non-working phones were converted into one working phone. The current secondhand retail price on a working iPhone4S is about £30 making the price on replacement parts prohibitively high, salvaging from another iPhone is the best option. IFixit was used as a take apart guide. The Battery removal tab was accidentally allowed to get trapped under the logic board on the fixed phone. The effort of removing the logic board again on discovery was considered not worth it. ooo-xxx",Battery
Screen,Samsung,unknown_age,Display defective,Display issues
Power/battery,Samsung,unknown_age,Akku defekt,Battery issues
USB/charging port,Samsung,unknown_age,charging socket,Charge port issue
Screen,Apple,4,New screen needed,Screen damage
Screen,Samsung,2,The screen was partly dead. After ordering a new screen it was fixed.,Display issues
Screen,Apple,2,"Cracked digitizer few days ago, used for a few months only. Ordered new screen assembly",Screen damage
Screen,Apple,3,"Cracked digitizer 4 months ago, screen repaired by 3rd part, Bad battery health(66%). Ordered new screen assembly",Screen damage
Power/battery,Samsung,4,"Second hand phone, user requests new battery. Battery ordered",Battery issues
Unknown,Apple,unknown_age,to,Other damage
Power/battery,Apple,5,"The owner of an “iPhone 5s” smartphone had already replaced the battery at home, but unfortunately the device no longer started. He checked all the plug connections and that didn't make any difference. We suspected that the battery was not sufficiently charged and recommended charging it for some time.",Battery
Other,Apple,unknown_age,Broken screw,Other damage
Sim card slot,Samsung,1,Contact on sim card was dirty,Other damage
Screen,Apple,1,New screen,Screen damage
Screen,Apple,5,Broken screen,Screen damage
Screen,Samsung,3,Broken screen,Display issues
Screen,Apple,2,Broken screen,Screen damage
Other buttons,Samsung,4,Button has slow reaction,Other damage
Screen,Apple,2,Broken screen,Screen damage
Power/battery,Apple,5,The battery of an “Apple iPhone 4” was once again deeply discharged. So much so that it was no longer possible to shop. The only thing that helps is a new battery. The guest comes back with the new one.,Battery
Liquid damage,Apple,unknown_age,Water damage,Other damage
Liquid damage,Apple,4,Water damage,Other damage
Camera,Apple,2,Camera exhibit is classic shaking issue. Order camera replacement,Rear camera damage
Other buttons,Apple,5,Unresponsive home button. Order new home button and screen,Screen damage
Screen,Samsung,1,Cracked screen after dropping it. Customer prefer not to repair,Display issues
Screen,Samsung,1,"Cracked Screen., Customer prefers not to repair",Display issues
Power/battery,Samsung,4,Battery replacement,Battery issues
Camera,Apple,2,"Device is second hand from a family member. Phone was dropped in water, caused smudges to appear on camera. Replaced rear camera and rear camera glass. Function back to normal",Rear camera damage
Software update,Apple,2,Phone is stuck in the software reinstall phase. Could not fix it. Maybe proceed with motherboard replacement.,Other damage
Power/battery,Samsung,unknown_age,does not start,Battery issues
USB/charging port,Samsung,unknown_age,bad contact at charging socket,Charge port issue
Sim card slot,Samsung,3,Sim-card holder won't open,Other damage
Camera,Apple,4,"Camera doesn't work, wants to change battery",Battery
Screen,Apple,5,"""Frozen"" screen after fall",Screen damage
Screen,Apple,2,Change screen,Screen damage
Camera,Apple,2,Camera not working. Advice given.,Rear camera damage
Help/configuration,Samsung,2,not yet set up properly ~ ringtone with train sounds does not work,Other damage
On/Off button,Apple,4,home button defect,Other damage
Camera,Apple,2,Camera exhibit is classic shaking issue. Camera ordered was defective. Reordered camera,Rear camera damage
Power/battery,Apple,2,Fast battery drain. Ordered new battery,Battery
Screen,Apple,4,Digitiser fully broken and falling apart. Requested new screen assembly,Screen damage
Power/battery,Apple,2,Low battery health. Ordered new battery,Battery
Power/battery,Apple,7,Battery bad ~ battery bad,Battery
Screen,Apple,4,"Screen broken ~ Screen broken, streaks on LCD.",Screen damage
Other buttons,Apple,3,button stuck,Other damage
Software issue,Samsung,2,Software and/or Android ~ Device keeps restarting,Other damage
Internal damage,Samsung,unknown_age,Doesn't work anymore (fallen),Other damage
Power/battery,Apple,4,dead battery,Battery
Other,Samsung,unknown_age,4G signal problems.  Possible on-board fault to Tx/Rx radio or antenna. Not replacable.  Advise to put into re-flow,Other damage
Screen,Samsung,unknown_age,broken window√©,Display issues
Software update,Apple,unknown_age,Software defect. The firmware and software were updated via developer mode.,Other damage
Screen,Apple,unknown_age,Transfer a screen from a broken device to a replacement one.,Screen damage
Screen,Apple,3,Screen damaged,Screen damage
Screen,Samsung,unknown_age,Display replacement,Display issues
Screen,Apple,3,screen defect ~ does not turn on and freezes,Screen damage
Screen,Apple,unknown_age,Display cracked,Screen damage
Software issue,Samsung,4,password setting ~ no longer works properly,Other damage
USB/charging port,Samsung,4,no contact charger,Charge port issue
Unknown,Samsung,unknown_age,Not found. ~ No function,Other damage
Power/battery,Samsung,unknown_age,No power,Battery issues
Screen,Samsung,unknown_age,Display,Display issues
Unknown,Apple,unknown_age,Been through the washing machine.  Provided advise for repair,Other damage
Software issue,Apple,5,"1. All screws were included loose, too great a risk to replace. 2. update via iTunes failed (error 78) ~ put screen on and suspected software problem",Screen damage
Software issue,Samsung,unknown_age,suggested install malware ~ hijacked by an app with adds,Other damage
Stuck booting,Samsung,unknown_age,Suggested factory reset ~ screen black,Display issues
Power/battery,Apple,unknown_age,"Following instructions on the Internet, the guest independently replaced the old battery and the worn charging socket, for which he had previously purchased suitable replacement parts. Disassembly, replacement and assembly went smoothly. The only drawback: the Touch ID function no longer worked afterwards and now has to be reactivated again.",Screen damage
Help/configuration,Samsung,unknown_age,Transfer data ~ Transfer data,Other damage
Screen,Apple,5,want to make 1 working phone from 3 ~ screen cracked,Screen damage
Camera,Apple,3,Broken back camera and flashlight,Rear camera damage
Other,Apple,4,Cannot transfer files to new phone.  Files partly corrupted but moved to new phone and cloud,Other damage
Unknown,Apple,unknown_age,"Difficult diagnosis: charging cable missing, battery almost empty ~ ask if it can be repaired",Battery
Screen,Apple,8,Screen broken,Screen damage
Screen,Samsung,2,Screen not working.,Display issues
Screen,Samsung,unknown_age,broken cable ~ Touchpad doesn't work,Display issues
Unknown,Samsung,unknown_age,Flickered and died over a 2 month period,Other damage
Help/configuration,Apple,unknown_age,"I phone, A Nokias, A samsung and a Motorola all need re setting",Other damage
Power/battery,Samsung,unknown_age,Charging issue,Battery issues
Help/configuration,Apple,unknown_age,WhatsApp is not installed ~ WhatsApp does not work,Other damage
Screen,Apple,5,"The visitor brought the iPhone with a broken display and had also gotten the right replacement display. With good instructions online and a lot of patience, one of our “specialists” was able to give the device with a new display back to its owner at the end of the day.",Screen damage
Microphone,Apple,unknown_age,Microphone not working,Other damage
Storage problem,Apple,unknown_age,Not enough space,Other damage
Liquid damage,Apple,4,Water Damage,Other damage
Unknown,Samsung,unknown_age,he doesn't answer anymore,Other damage
Help/configuration,Samsung,20,Please set up internet,Other damage
Software update,Samsung,6,Locked admin restricted downloading apps. Reset.,Other damage
Screen,Samsung,unknown_age,"Dark screen, lcd  trouble",Display issues
Software update,Apple,2,scan disk key not recognized,Other damage
